Jokes,Offensive,Explicit
واحد طاح من الدرج راح للدكتور عطاه مرهم وقال له ادهن مكان الاصابه قام راح ودهن الدرج,0,no
سال احدهم الاخر اتذهب الي امريكا ام تبقى؟ فاجابه ساذهب الي تبقى.,0,no
المدرس: ماذا فعل الرومان حين عبروا البحر الابيض المتوسط التلميذ: جففوا ملابسهم,0,no
مره مدرس بيسال تلميذ معني سبيل قال التلميذ طريق قال المدرس للتلميذ ومعني سلسبيل قال التلميذ طرطريق,0,no
بابا سال استاذ تلميذه ما اسم الحيوان الذي تصحو علي صوته كل صباح اجاب بابا,1,no
مره مدرس قال للتلاميذ اللي موش فاهم يقوم يقف فواحد بس اللي وقف بعدين قاله المدرس انتا موش فاهم قاله لا بس عيب اخليك واقف لوحدك,1,no
 مره واحد هو وابنه ميعرفوش هو ايه الاسنسير بس شايفين الحيطه عماله تتفتح وتتقفل وهما مش فاهمين حاجه المهم جت واحده عجوزه ظغطت علي الزر اللي في الحيطه ودخلت الاسنسير وبعد شويه الاسنسير نزل وطلعت منه شابه جميله فالراجل قال لابنه روح هات امك هنا,1,no
سأم ثلاثه بخلاء من الناس التي تظل تتكلم عن بخلهم فقالو سننفق بعض المال من اجل نزع هذا الكلام فقال الاول سارسم خطا وارمي المال ما ذهب الي يمين لي ومن ذهب الي يسار لهم فقال ثاني سارسم دايره وارمي المال ما دخل الي دايره لي وما لم يدخل لهم فقال ثالث انا سارمي المال في السماء مابقي في السماء لهم وما سقط في الارض لي,0,no
معلم سال طالب السروال مفرد و لا مثني ؟ رد الطالب مفرد من فوق و مثني من تحت,0,no
غبي موقف عند التلفزيون مفصخ ليه؟ يبغي يشارك في مسابقه انزع واربح,0,no
صاحت الام في ابنها الصغير لماذا تاخرت الم اقل لك ارجع من البقاله بسرعه فقال الابن نعم يا ماما ولكن لم تقولي لي ان اذهب بسرعه,0,no
حمار تزوج حماره في اول يوم الحمار قال لزوجته تفضلي ياحماره قالت له بدينا,1,yes
في وحده شاركت في برنامج من سيربح المليون فطلقها زوجها لانها طلبت الاتصال بصديق,0,no
في واحد نام في السطح حس بالبرد سكر باب السطح,0,no
في سكران طاح من الدور الرابع تجمعوا عليه الناس و قالوله وش الي صار قالهم و الله ما ادري توني جاي,0,no
مغفل راح ل ماكدونالدز وقال لهم عندكم حلقات بصل قالوا ايه قال عطوني الحلقه الاخيره,0,no
مغفل حاط كيس وراه ويسال صديقه اذا عرفت اللي معايه اعطيك منه سمكه قال الثاني عرفت معاك بحر,0,no
مرة واحد غبي شرا باب قزاز لبيته وركب له عين سحريه,0,no
فيه اثنين ركبوا سياره واحد ساق واحد فخذ,0,no
ميكانيكي اشتري سرير نام تحته,0,no
"القت الشرطه علي اسرائيلي بعد ان كتب علي منزل رئيس الوزراء ""حمار"". فقدمته للمحكمه بتهمتين الاولي الاساءة لمسؤول كبير والثانيه افشاء اسرار الدوله.",1,yes
في مره قزم تزوج قزمه وجابوا طفل سموه نعمه ليش عشان ما يدوسون عليه.,1,yes
اغبياء سمعوا عن المخطط الصهيوني راحوا يشترون منه أراضي.,1,yes
فيه واحد قال نكته قديمه طلع من فمه غبار.,0,no
في اثنين اغبياء دخلو الامتحان بعد الامتحان سال الاول الثاني كيف الامتحان معك قاله ماحليت ولا سؤال قال الاول حتي انا مثلك لا يحسبونا غاشين من بعض,0,no
لاعب كره قدم اتغسل قبل ما يلعب المباراه ليش؟ علشان يسجل اهداف نظيفه,0,no
"ذهب احد الاطفال الي امه وقال لها ماما اعطيني نقودا حتي اعطيها لرجل مسكين يصيح في الشارع فرحت الام لقلب طفلها الطيب واعطته النقود ثم سالته وماذا يصيح هذا الرجل يا ولدي قال الطفل انه يصيح ""ايس كريم.. ايس كريم""",0,no
قال الاب لابنه بغضب عندما كان نابليون في سنك كان الاول علي فصله فرد عليه الابن وعندما كان نابليون في سنك كان امبراطور فرنسا,1,no
واحد راح السلك الدبلوماسي اتكهرب,0,no
فيه محامي رفع قضيه طاحت عليه,0,no
واحد تزوج صينيه صار يقدم بيها شاي,0,no
في واحد حلو تزوج وحده حلوه خلفو ولد شربات,0,no
وش وجه الشبه بين الصعيدي الذكي وسوبر مان؟ كلهم شخصيات خياليه,1,no
مدرس يشرح لطلاب صعايده وكل مامسح السبوره شقوا الورقه,1,no
واحد طيب كتيير تجوز وحده طيبه كتيير جابو ولد تبرعوا فيه,0,no
شباب راكبين هليكبتر قالوا للسايق طف المروحه تونا متسبحين,0,no
في واحد غبي فتح له كراج خسر ليش؟ فاتحه في الطابق الثاني,0,no
محشش اتصل علي ناس قال بيت فلان قالو لا قال اجل ليش تردون,0,no
اغبياء يبون يفجرون مبني حطو القنابل في الدور الاول وطلعوا السطوح,1,yes
معلم و معلمه تزوجو كتبو الكتاب في السبوره,0,no
غبي يبون يعذبونه حطوه في غرفه مدوره قالوله اجلس في الزاويه,0,no
دلوع راح يسجل في الجيش قاله المسوول شو اسمك قال روري قال ما نسجل هالاشكال يوم بتستوي ريال بنسجلك سار و رد عقب اسبوع قاله الضابط شو اسمك قال روري الشرير,0,no
محشش قاعد يشوف مباراه ريال مدريد سمع المذيع يقول فاول لصالح رونالدو قال تصدقون توني ادري ان اسمه الاول صالح,0,no
محشش سالوه الثعلب يبيض والا يولد رد عليهم والله الثعلب مكار توقعوا منه اي شي,0,no
في محشش سال سكران قاله ليش نشره الاخبار طويله قال يمكن اليوم اخر حلقه,0,no
واحد اتصل بالخطوط قال كم تستغرق رحله الرياض لباريس قالو له لحظه، قال شكرا,0,no
في واحد قال لزوجته من يوم ما تزوجـنا وانتي كله تقولين لي هات هات هات ولا يوم قـلتي لي خذ. قالت له خـذ الزباله ونزلها معاك,0,no
صرصور رايح السينما اول مادخل شاف اعلان بف باف قال من بدايتها رعب,0,no
في واحد حط فياجرا في الثلاجه جا اليوم الثاني لقي باباغنوج يغازل ام علي,1,yes
وحده تدور ولدها الضايع قالولها اذا ولد حلال بيرجع. قالت ياويلي راح الولد,1,no
واحد اخذ الدواء قبل ميعاده ليه علشان يفاجئ الجراثيم,0,no
مره اربع صعايده داخلين امتحان فجلهم سوال في الامتحان وهو كام عدد ارجل المعزه فكلهم سالو صاحبهم حسنين وما كنش بيرد عليهم، فالما خلص الامتحان قالولو انتا ما قولتيلناش ليه قالهم المراقب كان جنبي ومعرفتيش اطلع المعزه,1,no
مره البوليس كبس علي ناس بيشموا ومعاهم ولد صغير فالظابط بيقوله ويا تري الشمام الصغير اسمه ايه قاله كنتالوب,1,no
مره واحد نزل بسين طلع بصاد,0,no
معلم لغه عربيه قال وقفت السياره في المكان الممنوع ثم سال احد التلاميذ ان يعرب كلمه السياره فقال التلميذ فاعل مرفوع بالونش,0,no
إمام يصلي بمحششين قالهم صلوا علي الخط قالوا عليه الصلاه والسلام,1,yes
هندي قام ياذن نسي الاذان جان يقول نفر مسلم يجي صلي نفر كافر خلي ولي,1,no
في زوله لابسه مايوه اصفر شافتها لبنانيه قالت شو هيده موزه فسدانه,1,no
في هندي اخذ خياره حطاها في اباطه طلعها مخلله,1,no
في ثلاث مجانين خططوا علي ضرب الحارس والهروب من المستشفي يوم طلعوا مالقوا الحارس رجعوا وقالوا ياخساره خربت الخطه,0,no
غبي واقف مع دوده عند الشمس ليه الطبيب قال له اجلس عند الشمس دقايق معدوده,0,no
في واحد راح يودي انبوبه غاز قال لامه ادعيلي قالت ان شاء الله تنفتح بوجهك,0,no
فيه واحد شارب امسكته الدوريه قاله العسكري انت شارب قال لا لحيه,0,no
واحد يصيح من الطابق العاشر الحقوني الحقوني حماتي عاوزه تنتحر رد عليه الجيران وانت زعلات ليه قلهم الشباك ميتفتحش,1,no
في رجل سعيد تزوج امراه تعيسه جابو ولد سموه يا فرحه ما تمت,0,no
ثلاثه مسافرين جاتهم المضيفه قالت للاول وش تطلب قال لها ابي عسل يا عسل وسالت الثاني قالت له وش تطلب قال ابي سكر ياسكر الثالث سمعهم قال لها ابي حليب يا بقره,1,yes
واحد سال الثاني ليش اليهود خشومهم كبار الثاني رد عليه علشان الهواء مجاني,1,yes
صاحب محل دخلت عنده وحده حلوه وكل شوي تقول له بكم هذا حجي بكم هذا حجي اخيرا طفش منها قال شوفي انا ماحجيت لكني اخذت عمره علشان كذا تقدرين تقولي ياعمري,0,no
غبيه بتفرح زوجها بليله الزواج بعد مادخل قالت انا حامل,1,yes
في محششين في خيمه بالبر المهم بعد ما انسطلوا طلب واحد منهم ولاعه عشان يدخن قالوا مافي ولاعه اطلع دور يمكن تلقي المهم اخونا اخذ لفه علي الخيمه ورجع دخل علي نفس الخيمه خويانه وسلم عليهم وقال ممكن ولاعه يا شباب قالوا له استرح طال عمرك في واحد راح يجيب ولاعه وبجي,0,no
واحد رمي يمين الطلاق علي مراته ما جاش فيها,1,no
سوداني دخل فيه جني راح لشيخ قاله اطلع.. قال الجني مااشوف,1,no
في سودانيه لبست ثوب احمر راحت لزوجها قالت له دلعني قال يا فحم انت يا مولع,1,no
في صعيدي لقي مرتو نايمه مع واحد تاني قال مين ده قاام قالوو لا الكميره الخفيه قال ييوه دي رابع مره تحصلي,1,no
واحد يشكي للثاني ويقول راسي مشغول رد الثاني وقال ليش من الي رافع الخط,0,no
واحد اتصل بزوجته وقال لها انا ربحت المليون جهزي شنطتك بسرعه فقالت الزوجه احمل معاي ثياب الصيف ولا الشتاء قال لها احملي اللي تبين المهم ما اشوفك في البيت لما ارجع,1,no
هذا واحد نذل مره ارسله ابوه لامريكا وكتب علي ظهره اسامه بن لادن,1,yes
فيه واحد يحب المدح قاعد يصلي وسمع اثنين يمدحون صلاته قطع صلاته والتفت عليهم وقال تراني صايم بعد,1,no
في مغفل شاف عصافير حب علي شجره واحد احمر والثاني اخضر مسك الاحمر وترك الاخضر ليش فكر الاخضر مانضج,0,no
مره فيه قريه كلها مجانين ما ضل فيها ولا واحد ليش لان واحد منهم طاح في حفره وقال الحقوني,0,no
اتنين مساطيل واحد بقول للتاني لو مفيش ستات في الدنيا كان ايه الي حصل اتاني قاله مكنش الراجل اتجوز علي مراته,0,no
مر جحا مع حماره يوما فرءاه صاحبه فقال له مداعبا تصور يا جحا اني لم اعرفك وانما عرفت حمارك فرد جحا الحمير تعرف بعضها,1,no
فيه واحد سافر مع اهله بعد الامتحانات وقال لصديقه شف اذا طلعت النتيجه اتصل علي وعلمني اذا انا ساقط في الرياضيات قل يسلم عليك رياض واذا انا ساقط في العلوم قل يسلم عليك علي ومثل كذا كل ماده باسم المهم يوم طلعت النتيجه اتصل الصديق علي خويه المسافر وقال ترا الشباب كلهم يسلمون عليك,0,no
ثلاثه صقور تحدو علي الصيد راح الاول ورجع في منقاره دم قليل قال شفتو ذيك الشجره قالو ايوه قال صت عندها ارنب راح الثاني ورجع في منقاره دم كثير قال شفتو ذيك الصخره قالو ايوه قال صت عندها غزال راح الثالث وهو الخبيل فيهم ورجع وجهه كله دم قال شفتو ذاك العمود قالو ايوه قال انا ما شفته,0,no
مره في امريكي و فرنسي و صيني حبو يجربوا صدى اصواتهم عند شلالات نياجرا. الامريكي قال هلو الصدى قال هلو . و الفرنسي قال بونجور الصدى قال بونجوور. و الصيني قال شنجا شونج الصدى قال هاه اش قلت,1,no
مره اثنين سود اضاربوا طلعت ريحت التواير,1,no
 معلمه رياضيات ضربتها سياره فقدت الوعي اخدوها عالمستشفي فالدكتور بقول لاهلها عندها كسور قامت قالتلهم تنسوش توحدوا المقامات,0,no
مسطول شاف هنديه علي جبينها نقطه حمرا قام قالها يا مدام يا مدام انتبهي عم تسجلي فيديو,1,no
مره واحد اخذ زوجته لحديقه الحيوانات و صورها جنب قفص القرود و علق الصوره في الصالون و كتب تحت الصوره هذه صوره زوجتي مع القرود ملحوظه زوجتي الثالثه علي اليمين,1,no
مره اخطبوط قاعد يبكي عشان مش عارف ايده من رجله,0,no
ليش هيفاء وهبي تحب الشتاء لانه قاسي وطويل,1,no
 بنات يتمشوا علي البحر بمايوهات في رمضان ليش؟ برنامج افطار صايم,1,no
كان في مره واحده منقبه وواحده رقاصه راحو لشيخ فا الرقاصه سالت الشيخ قالتله ياشيخ انا ابني مزهقني ومطلع عيني وانا مستحملاه علشان هو صغير مش عارف حاجه قالها برافو عليكي ده مفتاح الجنه والرقاصه سالت الشيخ قالتله يا شيخ انا عايزه اتوب ومش عارفه قالها برافو عليكي ده مفتاح شقتي,1,yes
قال واحد ليبي راح لسوريا سالوه في المطار واش رايك في الاسد قالهم حيوان مفترس حكموا عليه سنوات سجن بعد طلاق سراحه من السجن راح لسعوديه سالوه واش رايك في الفهد قالهم حيوان مفترس يعيش في الصحراء حكموا عليه سنوات سجن من بعد رجع للبيا قالولو واش رايك في القدافي قالهم سامحوني ما نعرف حتي حيوان بهذا الاسم حكموا عليه بالاعدام,1,no
راجل و مراته قاعدين علي السرير سالها بتفكري في ايه بصت له نظره اغراء و قالتله نفس اللي بتفكر فيه قالها عاوزه تتجوزي عليا؟,1,no
ذهب رجل لزياره احدي السيدات الجميلات فما ان دخل حديقه منزلها حتي فاجاه نباح كلبها الفالت فتوقف وهم بالرجوع تفاديا عضه واذا بالسيده الجميله تطل من النافذه وتطمينه بقولها لا تخف الكلب مخصي فاجابها علي الفور انا مش خايف ينيكنا خايف يعضنا,1,yes
اذا اخذت وصف الطريق من امراه عبي بنزين فل وشيل جوازك معاك احتياط احتمال تطلع من الحدود وشكرا,1,no
اتنين محششين قلعوا هدومهم وحطوها جنبهم وقعدوا يزقوا في عماره المهم جيه حرامي سرق هدومهم بيبصوا وراهم ملقوش الهدوم فقالوا كفايه كده احنا زاقينا كتير,0,no
محشش وقع علي لارض قالوا له جت سليمه قالهم خليها تتفضل,0,no
مره ثللث طلاب عندهم امتحان في حفظ القران الكريم . سأل الاستاذ الطالب الاول اسمك ايه قال محمد قاله سمع سوره محمد.. وسأل الطالب الثاني اسمك ايه قال ابراهيم قاله سمع سوره ابراهيم وسأل الطالب الثالث اسمك ايه قاله اسمي عمران بس يدلعوني كوثر,0,no
واحد محشش بيقول لصاحبه مش عارف ليه عود الكبريت ده ما بيولعش ليه مع انه لسه مولع من شويه,0,no
ليه الخشب يتيم لانه مقطوع من شجره,0,no
كهربايي شاف سلك مكشوف استحي منه,0,no
مره واحد راح يسرق البنك قام فصخ كل ملابسه ليش عشان ما يمسكونه متلبس,0,no
واحد صيني بدهم يعذبوه كيف؟ فتحوا عينيه.,1,no
في واحد بخيل دخل الحمام ومرضاش يخرج ليش لانه مكتوب علي الباب ادفع,0,no
مره واحد قال لصاحبه النهارده داست علي صباعي عربيه نزل صاحبها واعطي لي الف جنيه، راح صاحبه قدام القطر وقال له تعالي يا ابو الملايين,0,no
مره واحد مراته منكده عليه عيشته، جه ابنه قاله شفت يابا الدواء الي بيطول العمر ؟ فقلو اوعي توديه لامك,1,no
في وحده اتعرفت علي واحد غبي قام سالها وش اسمك قالتله اسماء قالها يعني انتي مالك اسم محدد,0,no
ماهو وجه الشبه بين المكياج و الفياجرا كلها تبيض الوجه,1,yes
واحد يسال امه ليش ابوي اقرع قالت له يا ولدي هذي علامه الذكاء قال لها الولد اشوف شعرك طويل,1,no
غبي امه قالتله روح لجارتنا اطلب منها كركم راح الولد للجاره ونسي كلام امه قال امي تقول تعالوا كلكم,0,no
واحد بيفجر نفسه بين اسرايليين سوي بروفه بين أهله قبلها بيوم,1,no
صعيدي دخل المستشفي بدو يروح الدور الثاني لغرفه الاشعه دخل الاصنصير شاف المرايا والانوار يحسبه محل الاشعه المهم نزع وقف المصعد وانفتح الباب شافته الممرضه صرخت قال الصعيدي لاتقولي سرطان,1,yes
واحد عندو سبع ولاد سمي نفسو سفن اب,0,no
في صيني يبي يسمع صداه عند جبل قال هنغ شنغ يونغ قال الصدي انت شتقول,1,no
وش وجه الشبه بين بنات اليوم والمسمار؟ مايدخلون بيوتهم الا بالطق,1,no
ليش القطار مهم لان تحته خطين,0,no
تايه بيسال واحد ماشي في الشارع ايه اسرع طريق اروح بيه للمستشفى قالوه غمض عينك وعدي الشارع,0,no
لبنانيه و سودانيه قدموا علي وظيفه سكرتيره قال لهم المدير انا ما بيهمنيشي الجمال اهم حاجه عندي الثقافه فسال اللبنانيه ما هو اسم بلد المليون شهيد قالت الجزاير سال السودانيه طيب ايه اسم المليون شهيد,1,no
مره مدرس كيمياء خلف عيل سماه سامي اكسيد الكربون,0,no
مره واحد اشتري كلب لمراته قام الكلب عضها وماتت وفي العزا الصوان كان مليان رجاله واحد صاحبه قاله ياه كل دي رجاله جايه تعزي في مراتك الراجل قاله لا دول جايين يشترو الكلب باي تمن يكون,1,yes
محشش صايم اتصل علي قالو له عاوز تسمع ايه؟ قال مقطع من اذان المغرب,0,no
واحد ساكن في الطابق الخامس وبعد ما نزل الصبح افتكر انه نسي نظاره الشمس والمنديل فنادي علي زوجته وقالها ارمي النظاره والمنديل فرمت زوجته النظاره فانكسرت فقال لها خلي المنديل انا طالع اخذه,0,no
واحد اشترى شبشب جديد... راح عالبيت وقال لمراته: مش ملاحظة حاجة جديدة ؟ مراته : لا مش ملاحظة! قلع كل هدومه وفضل بالبوكسر والشبشب وقالها: ودلوقتي مش ملاحظة؟ الزوجة: لا ابدا!! قلع البوكسر وفضل بالشبشب وقال: ودلوقتي ؟؟ مراته : نايم كالعادة قالها: لا مش نايم يا حبيبتي... ده بيتفرج علي الشبشب الجديد!!! مراته : ومكنتش عارف تشتري طاقية بدل الشبشب؟,1,no
"دكتور  كان بيشرح محاضره في الجامعه ولسه بادئ قام حد صفر! سكت الدكتور قال مين صفر""!؟ محدش رد!! كمل شرح وقام صفر سكت وقال مين صفر!؟؟ محدش رد؟؟ وكمل شرح قام صفر !! قام حاطط القلم في الدفتر وقال المحاضره انتهت!! هقولكم حكايه بقي عني كله سامع ومنتبه !؟ قالهم في يوم متاخر مكنش جايلي نوم ونزلت اعبي العربيه  بنزين قامت واحده جميله معديه قولتلها ممكن اوصلك!!؟ قالتله ياريت ""وبعدين وانا في الطريق بوصلها قامت مدياني بوسه!! وقالتلي انا ليه اخ في الجامعه عندك عايزاك تاخد بالك منه قولتلها بستغراب اسمه ايه؟ ردت قالت هو عندك في المحاضره ودايما بيصفر!!! قاموا كلهم باصين علي اللي صفر!!",0,no
مره واحد اسكندرانى ماشى ع البحر لقى جماعه صعايده بيهتفوا : هريدى يابطل هريدى يا بطل ، ولما سأل عن السبب الصعايده قالوله احسن واحد عندكم يقدر يغطس قد ايه؟ الاسكندراني قالهم حوالي ٣ دقايق. قالوله : هريدي غطسان من 3 ايام ولسا مطلعش.,1,no
ركبت توكتوك من اول السوق قالى هاخد 20 قولتله ماشي وأنا ماشي في طريقنا قولتله اقف ثانيه  هنزل اودى السمك يتشوى هنا بس وديت السمك وحاسبت عليه ورجعت ركبت وقولتله يقف تانى لحظه انزل اشتري حاجات من السوبر ماركت ومكملش  دقيقه ووصلنى بديله ال20 جنيه يقولى لا يا استاذ هاخد 25 انا وقفت مرتين  قولتله هما ال  20جنيه قعد يقاوح روحت مدياله 15جنيه وقولتله ايه رأيك مش واخد الا 15 جنيه زيك زي اى توكتوك وطلعت البيت وبعد ساعه رايح اجيب السمك لقيتهم بيقولولى ما الاستاذ الى كان سايق التوكتوك استلمهولك,0,no
واحد عنده ديدان في بطنه ولف علي كل الدكاترة محدش عارف يعالجه ف قاعد مع واحد صاحبه قاله بص انا هقولك حاجة انت هتجيب بطيخة حمرا وحلوة وتقسمها اتنين وتقعد عليها هيقوم ملك الديدان نازل هيدوقها هيلاقيها حلوة هينده عليهم ويقولهم ي شباب انزلو ناكل فسمع كلامه فعلا وراح جاب البطيخة وقعد عليها راح ملك الديدان نزل داقها وراح نده علي الديدان وقالهم : يا شباب طلعوهالي فوق,1,no
مره واحد فى ليلة الدخلة بيقلع مراته الفستان فشافها لابسة قميص نوم اسود فسألها إنت لية لابسة اسود ؟ قالتله عشان امى متوفية بعد ما قلعت الفستان شافها لابسة برا سودة فسألها برضو لية لابسة برا سودة ؟ قالتله عشان ابويا متوفى، جه عشان يقلعها الإندر لقاه اسود فسألها لية لابسة اندر اسود ؟ قالتله عشان عمى متوفى ، جه الدور عليها وبتقلعه البنطلون فشافت بتـاعه ولاقته اسود فسألته إنت لية بتـاعك اسود؟ قالها : انا داخل اعزي,1,yes
مره واحد صعيدي سافر انجلترا وقف قدام تلاجه بيبس يحط عمله تنزلوا ازازه يحط عمله تنزلوا ازازه والناس واقفه وراه طوابير فعدي واحد تاني قالوا يا بلادينا ما تكسفناش سيب الناس تشرب حاجه راح قالوا والله العظيم طول مانا بكسب لا يمكن,1,no
مرة واحد راح لشيخ وقاله يا شيخنا انا بعمل حاجات حرام و عاوزك تساعدني أتوب ، ف الشيخ قاله يابني ربنا غفور رحيم بس انا عاوز اعرف انت عملت ايه بالظبط ؟ قاله أنا امبارح قولت كسم وزير الكهربا ، قاله يابني لا حرام عليك بس الحمد لله انها جات على قد كدا عملت حاجه تانيه ؟ قاله اه و بظبط نسوان حلوة ، ف الشيخ قاله بتظبطهم ازاي ؟ قاله بنفتح الكاميرا و بنقلع و بنعمل سكس ، قاله لا يابني دا كدا كتير ، قاله امبارح يا شيخنا كنت بكلم بنت جامدة اوي وفتحنا الكاميرا وكانت لابسه قميص شفاف ب زراير ف قولتلها افتحي الزراير ، قاله كمل يابني و بعدين حصل ايه ؟ قاله فتحت اول زرار و كان صدرها زي الملبن و فتحت تاني زرار كانت سرتها بتنور من البياض ف الشيخ قعد يعرق كدا قاله كمل يبني. قاله لسه بتفتح اخر زرار الشيخ قاله حصل ايه بسرعة ؟ قاله لسه بتفتحه الكهربا قطعت. الشيخ : يلعن كسم وزير الكهربا,1,yes
يحكى ان بخيل دعا يهودي فأراد أن يرغبه في الإسلام فقدم له طعاما.. قال اليهودي: هل دينكم يأمركم بإكرام الضيف؟ فرد البخيل: نعم، وأنتم؟ قال اليهودي: لا. فابستم البخيل واعتنق الديانة اليهودية.,1,no
اتنين في السوق بيدوروا على مرتاتهم عشان تاهوا من بعض فواحد بيسأل التاني : مراتك لابسة ايه؟  قال له : لابسه بلوزة قصيرة شفافة ، وبنطلون جينس ضيق وأنت مراتك لابسة إيه ؟ قاله : لا مش مهم تعالى ندور على مراتك,1,no
مره واحده جوزها كان مسافر وكانت عايزه تجيب عشيقها البيت وكان عندها تلت عشاق ، كلمت الاولاني قالتلوا تعالي جوزي نزل ، راح جه وجاب معاه طماطم واول ما دخل راح الباب مخبط قالتلوا يلاهوي جوزي جه خش الدولاب بسرعه ، فتحت الباب لقت عشيقها التاني وكان جايب معاه جزر واول ما دخل راح الباب مخبط تاني راحت قالتلوا خش الدولاب  بسرعه ، فتحت الباب لقت عشيقها التالت وكان جايب معاه لب واول ما دخل راح الباب مخبط تاني قالتلوا خش الدولاب بسرعه ، راحت تفتح لقت جوزها المرادي عالباب وشك فيها راح فاتح الدولاب ولقي التلاته جوا قالهم انا هسيبكوا تمشوا بس بشرط كل واحد جاب حاجه هحطهاله في طيزه. مسك الاولاني وكل ما يحطله طمطمايه يقول : اااااه، مسك التاني وكل ما يحطله جزرايه يقول : ااااااااااااه، مسك التالت وكل ما يحطله لبايه يقول : اه الحمد لله ، اه الحمد لله ، اه الحمد لله. راح جوزها قايله مالك بتقول كده ليه. قاله: اسكت انا كنت هاجيب قصب,1,yes
"واحد صاحب مزرعة ألبان بيعانى من الوحدة ففكر فى إستخدام مكنة حلب البقر عشان يمتع نفسه .. و بعدين ركب المكنة على بتاعه و قامت المكنة بالامتصاص لحد ما جابهم و المكنة فصلت .. بعد خمس دقائق بدأت المكنة تشتغل تاني .. خمس دقائق تاني و المكنة اشتغلت مرة تالتة .. لحد ما تعب مش قادر .. فحاول يقفل المكنة مش عارف جاب الكتاب بتاع المكنة وقرا التعليمات .. ""يفصل تلقائيا بعد 5 لتر""",1,yes
"راجل اسمه عيسى راح درس في امريكا واشتغل وبقي عنده شركه كبيره واغتني جدا 
بعت فيزة زياره لابوه الراجل البسيط.
الرااجل وصل المطار لقي مرسيدس بالسواق مستنياه واخده عشان يوصله عند ابنه عيسي 
عيسي كان ساكن في اكبر برج في نيويورك وصلوا باب الاسانسير وطلعوا فيه وفضل الاسانسير يطلع ويطلع 
ابوه عمال يتفرج من ازاز الاسانسير شاف المباني بتصغر والناس اختفت وهو لسه طالع 
شويه وبدء يشوف غيوم وسحاب ولسه الاسانسير بيطلع
 بص للسواق وقاله: هو انت مطلعني عند اي عيسى",0,no
بيقولك مرة واحد متجوز و مخلف و مكنش بيعرف يعمل واحد مع مراته بسبب ابنه ف اتفق معاها و قالها اما اعوز اعمل هقولك عاوز اغسل الهدوم ف الغساله ف قالتلو ماشي ، المهم جيه ف يوم و الراجل كان ع اخره ف راح ل مراته و قالها عاوز اغسل الهدوم ف الغساله بس الولية كانت مبضونه من جوزها راحت قالتله الغساله ف الصيانه. المهم جيه تاني يوم الولية كانت ع اخرها  راحت ل جوزها و قالتله تعالى اغسل هدومك ف الغساله الغساله اتصلحت خلاص راح جوزها قايلها: خلاص غسلت على ايدي,1,yes
اتنين طيارين راكبين طياره والميكروفون مفتوح واحد منهم قال للتاني احنا هنفطر ونعمل واحد مع المضيفه، المضيفه سمعتهم وجريت عشان تقفل المايك، اتكعبلت في ست عجوزه لفت وقالتلها: مستعجلة على ايه هما لسة بيفطروا,1,yes
مرة واحد بلدينا كان ملوش فيها وجه ليله فرحه، بيقول لابوه انا مش عارف هعمل ايه. ابوه قاله هتعرنا يابن الكلب، وبعدين قاله هتاخد اللاسلكي ده خليه معاك ف الدخله هقلك تعمل ايه. قاله ماشي. وفي ليله الدخله بيكلم ابوه علي اللاسلكي بيساله اعمل ايه؟ قاله هتقلعها هدومها. فقلعها هدومها. قاله تمام قلعتها. قام ابوه قاله اقـلع هدومك انت كمان. ف قاله قلعت. وبعدين قاله نيمها على ضهرها وافتح رجليها. قاله تمام. وبعدين راح قاله هتدخل حاجه كده عندي وعندك ومش عندها. فكر شويه وبعدها *قام مدخل اللاسلكي*,1,yes
"مرة واحد بضانة مقطوعة شغلوة في مصلحة حكومية ضمن نسبة المعاقين مدير المصلحة قالة احنا الشغل عندنا من 8 لغاية 4 انت هتيجي من 10 لـ 4 بس قالة ليه حضرتك انا ممكن أجي من 8 معاكم قالة اصل احنا بنقعد نلعب في بضاننا من 8 لـ 10 الصبح فمالوش لازمة تيجي بعد كام شهر المدير قالة انت من بكرة هتيجي معانا من 8 الصبح
قاله خلاص بطلتوا تلعبوا في بضانكم قاله لاء في واحد جه بضانة سليمة بس ايديه مقطوعة انت هتلعبله في بضانه",1,yes
"واحده راكبه قدام راجل فى القطر وبترضع إبنها و بتقوله إرضع يا رضا. الراجل أخد باله و إبتدأ يركز فى الموضوع و رضا مش عاوز يرضع. الوليه إبتدت تطلع بز و تدخل التانى و تدخل التانى وتطلع الاولانى و الواد مش عاوز يرضع
فقالتله: ها يا رضا حاترضع ولا أخلى عمو يرضع؟  الموضوع كبر فى دماغ الراجل. المهم القطر وصل ""سيدى جابر"" والوليه قامت وقالت للراجل:- عن إذنك عشان نازله هنا. فقالها:- يعني لا رضا رضع ولا انا نزلت في ""طنطا""",1,yes
"راجل عجوز راح لدكتور مسالك بوليه
علشان بيحس بألم الدكتور كشف عليه و قاله : عايز عينه حيوانات منويه اول ما تصحي الصبح وأداله برطمان نضيف كده معقم و متبرشم تاني يوم الراجل راح للدكتور بالبرطمان فاضي الدكتور سأله فين العينه قاله شوف يا ابني ... انا حاولت بإيدي اليمين لحد ما زهقت معرفتش ... حاولت بالشمال ... مفيش فايده صحيت مراتي... حاولت بايديها.... انسى.. جربت ببؤها مفيش نتيجه راحت خبطت على واحده جارتنا ... بنت زي الورد عندها ٢٥ سنه حاولت معانا لدرجه انها كانت بتعصره بين رجلها ومفيش فايده. الدكتور بصله بذهول وقاله انتوا جبتوا جارتكم اللي عندها ٢٥ سنه عادي كده؟ العجوز قاله : أه ، تخيل كلنا حاولنا ومحظش عرف يفتح البرطمان",1,yes
"مصرية قالت لجارتها اللبنانية صوتك بالليل كان واصل لحد عندنا فقالت لها أصل جوزي عمل تلات مرات عالأرض وعالسرير وعالتسريحة
تاني يوم اللبنانية قابلت المصرية وقالتلها إنت شكلك انبسطتي اوي إمبارح ده صراخ جوزك كان شغال لحد الصبح
ردت المصرية : لا والله ده احنا كنا بنعمل واحد زيكم عالتسريحة بس الدرج قفل على بضانه",1,yes
مرة واحد عنده 9 عيال سمع إن في جائزة بمليون دولار للي عنده 10 عيال قال لمراته اسمعي أنا زمان غلطت مع واحدة وجبت منها ولد هروح أجيبه ويبقى عندنا 10 عيال وناخد المليون دولار راح جاب الولد بيدور على عياله ملقاش ولا واحد قال لمراته فين العيال قالتله: اصل كل عيل جه ابوه وخده,1,no
واحد ومراته مش عارفين يستخبو و يعملو واحد عشان عندهم ٣ عيال ... فقرروا وهم بيتغدو الست تدلق الملوخيه علي جوزها و يخشو الحمام و يعملو واحد ..... تاني يوم الست دلقت علي جوزها الملوخيه و قالت يلهوي .. تعالي اما انضفلك هدومك و دخلو الحمام ... دخل وراهم الواد الصغير و رجع لخواته وقالهم يا جدعان اللي هيدلق الملوخية بابا هينيكه,1,yes
"واحد بخيل اتجوز، ف يوم صباحيته أهل البلد عدوا عليه لقوه قاعد ف المحل بيقولوا انت اي الي منزلك الشغل مروحتش تقضي شهر العسل ليه قالهم يعني اسيب اكل عيشي قالوله ي راجل دي هي مرة واحدة ف العمر روح شهر العسل واتبسطوا المهم اقنعوه لحد م طلع لم شنطته وواقف ع المحطة وهيركب ويسافر واحد من البلد بيقوله اومال فين مراتك 
قاله: سبتها قاعدة في المحل اقفله يعني؟",0,no
"في ثلاث ستات جيران كل يوم يتجمعوا ويتساهروا ؛؛ في يوم لقوا ام احمد جايه مبسوطه وواخده شاور سألوها ايه الحكايه
قالت امبارح رجع ابو احمد من الشغل قعدت احسس عليه وبعدين لقيت يضانه ساقعة قعدت ادفيها الراجل سخن علي ورزعني
تاني يوم ام مصطفى جاية مروقه وواخده شاور ... قالت انا عملت زي ام احمد
ثالث يوم الثالثه لقوها جايه مضروبه ووشها وارم ...
سألوها ايه الحكاية ؛ قالت قلت اعمل زيكم ؛؛ الراجل جه من بره قعدت احسس عليه ومسكت يضانه لقيتها سخنه سألته انت بضانك مش ساقعة زي بضان ابو احمد",1,yes
"مره واحد بيعمل تجربه علميه فجاب حمامه وقالها هش فطارت تاني يوم جاب نفس الحمامه وقص الريش بتاعها قالها هش مش عايزه تطير هش مش عاوزه تطير راح كتب ""عند قص الريش يفقد الحمام السمع""",1,no
بيقولك مرة واحد دجال كان مفهم الناس انه بيعرف المستقبل، جاله واحد قاله انا عاوز ابقي زيك يعني اعرف المستقبل وكده. الدجال قاله ماشي خد الصابونة دي استحمي بيها وهتعرف المستقبل الراجل خدها واستحمي بيها ومعرفش المستقبل راح للدجال تاني قاله الصابونة مش نافعة ياعم قاله لا اكيد انت استحميت بيها غلط تعالي انا هاحميك الراجل وافق. المهم الدجال خده فعلا عشان يحميه وفضل ممشي الصابونة ع جسمه لحد موصل لطيزه وقعد يحسس عليها راح الراجل قاله ف اي ياعم انت هتنيكني راح الدجال قاله اهو ابتديت تتنبأ بالمستقبل,1,yes
"واحد سمع ان ف نضاره بتشوف الناس من غير هدوم فباع اللى وراه وقدامه وسافر اشتراها ورجع لبسها وخرج الشارع شاف الناس من غير هدوم
رجع بيته لقى مراته مع واحد من غير هدوم قام قالع النضاره لقاهم بردو من غير هدوم قام لابس النضاره تانى لقاهم بردو من غير هدوم
مراته قالتله ابوس ايدك سامحني راح قالها... استني النظارة علقت",1,no
"مرة واحد دخل عمارة كلها شقق دعاره فالمهم طلع اول دور لقي لوحة مكتوب عليها النيك البطيء سابها و طلع تاني دور لقي لوحة مكتوب عليها النيك السريع طلع الدور التالت لقي اللوحة واقعة علي الارض نزل يوطي يجيبها
راح واحد زنقوا من ورا و قالو: ده النيك المفاجئ",1,yes
"عيال مصريين يسألون أمهم :
مين هو أكثر واحد أرضعتيه فينا ؟
قالت : أبوكم!",1,no
دلوع ماما: مامي باركيلي مارست الجنس إمو: مبروك، إيش حاسس؟ وجع بسيط بطيزي !!,1,yes
"ولد شاف صدر أمه فقال إيه ده ياماما؟ قالتله بالونات يا ابني قالها: بالونات الشغالة أكبر من بالوناتك
قالت: كيف عرفت
قال شفتهم لما بابا  بينفخهم",1,no
"وحدة قالت لزوجها : ربطني بالسرير واعمل اللي نفسك فيه .. فربطها بالسرير وراح نام مع الخادمة
",1,no
"
سأل الطالب المدرس
 أستاذ هل الروح لها رجلين؟ المدرس  طبعا لا ومن قال لك هذا 
الطالب كل يوم بالليل أسمع بابا يقول ارفعي رجليكي يا روحي
",1,no
"راجل متهم بقضية اغتصاب في المحكمة محاميته مسكت بتاعه
وقالت للقاضي: “معقولة ده يقدر يغتصب؟؟!!”
الراجل همس في ودنها: لو هزيتيه تانى حنخسر القضية",1,yes
"
زوج يقول لزوجته أعطانا  تقاعد وعطوني نص من الراتب يوم شافوا لون شعري ابيض. الزوجه كان وريتهم زبك بيسجلونك من المعوقين ويعطونك الراتب كامل
",1,yes
"
محشش يسأل خويه: ليش الواقي الذكري شفاف ؟!! قال له: لأن الحيوانات المنوية ما يدخلون ... فعلى الأقل يتفرجون",1,yes
ﺳﺖ ﺭﺍﺣﺖ ﻟﺪﻛﺘﻮﺭ ﻭﻗﺎﻟﺘﻠﻪ ﻋﻨﺪﻯ ﻣﺸﻜﻠﺔ ﻳﺎ ﺩﻛﺘﻮﺭ، ﻛﻞ ﻣﺎ ﺃﻣﺴﻚ ﺑﺰﻯ ﺍﻟﺤﻠﻤﻪ ﺑﺘﻘﻒ ﻗﺎﻟﻬﺎ ﻭﺭﻳﻨﻰ ﻛﺪﻩ، ﻭﻟﻤﺎ ﻣﺴﻚ ﺑﺰﻫﺎ ﺑﺘﺎﻋﻪ ﻭﻗﻒ ﻗﺎﻟﻬﺎ ﻳﺎﻩ ﺩﻩ ﺑﺎﻳﻨﻪ ﻣﺮﺽ ﻣﻌﺪﻯ ﻗﻮﻱ,1,yes
واحده عملت اعلان للجواز فالجرنال بتطلب ٣ شروط  ميضربهاش و مايخرجش من البيت و ويكون جامد اوى فالسرير  يومين وجرس الباب رِن فتحت لقيت واحد ايده الأتنين مقطوعين ورجله كذلك خير ياعم عاوز ايه قالها انا جاى بخصوص اعلان الجواز فضحكت قالها بتضحكى ليه معنديش ايد اضربك بيها ولا رجل اخرج بيها قالتلو طيب مأخدتش بالك ان فى شرط تالت قالها تفتكرى انا رنيت الجرس ازاى يعنى,1,yes
"واحده بتتصل بخدمة عملاء وي :
لو سمحت عندى مشكله ف النت
قالها ثوانى يافندم هكونكت حضرتك
قالتله هتكونكت مين يا سافل يا قليل الادب!",1,no
"واحد وواحدة من المريخ نزلوا بسفينة الفضاء علي بيت واحد ومراته من سكان الارض علشان يقضوا ليلة علي كوكب الارض. بعد التعارف واللذي منه، اتفقوا ان كل واحد يقضي الليلة مع مرات التاني. رجل المريخ قلع هدومه وبدا يشتغل. الست الأرضية قالت له: ده قصير قوي. قال لها ولا يهمك، لحظة واحدة. لعب في ودنه الشمال، بتاعه طِوِل نص متر. الولية اشتكت تاني انه رفيع قوي. قال لها: بس كده؟ لحظة واحدة. لعب في ودنه اليمين. بتاعه تِخن وبقي قد ازازة بيبسي. ومسك الولية طول الليل وطحنها وهناها. 
تاني يوم الصبح بعد ما بتوع المريخ مشيوا، الولية قالت لجوزها الأرضي: انا قضيت ليلة مافيش بعدها، وانت اخبارك ايه؟ قال لها: انا انبسطت جدا بس ماعرفش ليه هي كانت قاعدة طول الليل بتلعب في وداني",1,no
"
ممرضه تبغي
 تسوي فحص سكر لشايب
 
لكن ماخرج منه دم..
قامت تمص أصبعه لما خرج الدم ,,
قالت : تبغي شيء ثاني ؟  

قالها الشايب : سويلي فحص بول
",1,no
"واحد سكران اخد حبيبتو عالسينما فجأة وهن عم يتفرجو عالفلم صار السكران يصرخ  ويقول وين راح تبعي وين راح تبعي .!! 
ردت حبيبتو وقالتلو وطي صوتك يا عرص انت حاطط ايدك بكلسوني مو بكلسونك.!",1,yes
"إمرأة كانت تمارس الجنس مع عشيقها في شقتها في الطابق العشرين، وفجأة سمعت وقع اقدام زوجها قادما
فطلبت من عشيقها الوقوف كتمثال والا يتحرك
رأى زوجها الرجل
فسألها: من هذا؟
الزوجة: هذا روبوت اشتريته لممارسة الجنس معي عندما تكون مسافرا.
الزوج: حسنا، دعينا نمارس الجنس الآن
الزوجة: لا يا حبيبي، أمس جائتني الدورة الشهرية. سوف أذهب واعد لك فنجان قهوة
بعد أن غادرت الزوجة
الزوج: قال "" اللعنة أنا هائج ، سأمارس الجنس مع هذا الروبوت!
وهو يحاول ممارسة الجنس مع العشيق بدأ العشيق يتحدث كالروبوت ويقول :
خطأ في النظام!
الفتحة خاطئة!
خطأ في النظام!
الزوج: اللعنة ! الروبوت لا يعمل بشكل صحيح. سأرميه من النافذة.
تذكر العشيق بأنهم في الطابق العشرين فبدأ يردد: تم تحديث النظام، تم تحديث النظام يمكنك اعادة محاولة الادخال",1,yes
"
طبيب يتحدث في برنامج تلفزيوني
 عن مفعول العضو الذكري الصغير وإنه بنفس مفعول العضو الكبير وتأثيره على المرأة
 فجاءه إتصال من إحدى السيدات وسألته تسمح لي يا دكتور بسؤال حساس شوية؟ 
قال : اتفضلي
قالت له : انت انتكت من قبل ؟
قال لها : لا
قالت : خلص لكن ماتحكي عن شي ماجربتو",1,yes
"واحد ماتت مرته هو نايم معاها سأله المحقق اشرح الوضع اللي كنتو عليه؟ قاله كنت نايم فوقها وشفايفي على شفايفها واصبعي بطيزها وزبي بكسها كتب المحقق سبب الوفاة 
:اختناق بسبب اغلاق جميع فتحات التهويه",1,yes
"وحدة حلوة ماسكة بوظة و عم تاكل 
اجا لعندا واحد قلا بدي اطلب منك طلب بس لا تفهميني غلط قالتلو تفضل 
قلا معلش الحس
قالتلو اكيد و عطيتو البوظة 
قلا هااااا شفتيييي فهمتيني غلط",1,no
"
مرة في وحدة متجوزة ختيار 
حملت حالا وراحت عدكتور الاسنان ومن وصلتا بلشت تشلح تيابا من تحت 
قلا الدكتور لحظة مدام لحظة بس انتي جاي للدكتور الغلط 
نزلت الكلسون وطلعت عكرسي المعاينة قلا يا مدام .مو دكتور لي بدكياه هون  قالتلو مو دكتور اسنان قلا اي رفعت اجريا وقالتلو طقم سنان هالختيار علق جوا لو سمحت شيلو",1,no
"
عربي بيسال اميركي  قديش بدها وقت كل نياكة عندكم؟ الاميركي : حوالي الساعتين                                                                 
العربي : شو بتساوو بالساعتين
الاميركي: بالاول بوس وبعدين بشلحها وهي بتشلحني وبنلعب مع بعض وبتمصلي  وبلحوسها وبعدين بنبلش نياكة.
الاميركي : وانتو قديش بتقعدو عالنياكة
العربي ساعتين وثلاث دقائق
ساعتين بنترجى واقناع وتوسل و3 دقائق بنشلح ونيك",1,yes
"

ابو العبد مرة راح على الدكتور ومعو التحاليل ام اللو الدكتور عنك سرطان وراح تموت كمان 6 اشهر
راح ابو العبد زعلان وقعد على القهوة فسألوا الاصحاب شومالك يا ابو عبد.. قاللهم عندي أيدز وراح اموت كمان 6 اشهر فصارت كل الناس تكش منو وتحكي بالقصة وصل الخبر للدكتور قام سأل ابو العبد انا قلتلك سرطان وللا ايدز يا ابو العبد؟ فجاوبوا ابو العبد شو يادكتور بدك بعد ما اموت كل الحارة تنزل دق في ام العبد",1,no
محشش ابنو تسمم وداه عالمستشفى قاله الدكتور ابنك شارب حليب منتهيه صلاحيته قال المحشش اكيد رضعتو ستو الله يهديها.,1,yes
"
واحد راح الصيدلية يا دكتور إلحقنى محتاج حباية فيجرا بسرعة ..
الدكتور ماشى ولا يهمك خد حباية اهى وإدعيلى .

شوية ورجع تانى ,بيقول للدكتور خد يا دكتور مش عايزها .
الدكتور لية هى وحشة ؟
قالة لا بس مراتى ماتت .
قالة خدها مش هتخسر حاجة اهو على الاقل يقف معاك فى العزاء ..",1,yes
"
وحدة قالت لزوجها ياريتني جريدة تفتحني كل يوم
قالها ياريتك  نتيجة وما اشوفك غير كل سنة",1,yes
"اية وجه الشبه بين الملح والمرأة ...؟
كلهم ينحطو على البيض",1,no
"
تلميذ سأل استاذه..  قلو استاذ الضو بيتاكل؟ .. رد عليه الاستاذ اكيد لا، ليش عم تسأل... رد التلميذ.. غريبة لأنوه كل يوم بابا بيقول لماما اطفي الضو لطعميكي ياه",1,no
"مرة زوبرين واقفين بقالهم كتير في طابور شباك تذاكر سينما فواحد بيسأل التاني بيقوله هو احنا هندخل فيلم ايه، التاني رد عليه قاله هي دي محتاجة سؤال اكيد فيلم سكس ، فقاله ياه لسه هنقف تاني
",1,yes
واحد كل ما يتجوز واحدة تطلع مفتوحة ، اخيرا اتجوز واحدة طلعت بنت قالها نفسي ابوس اللي حافظ عليكي قالتله بوس طيزي,1,yes
"صعيدي اول مره يشوف فيل حياته
قال يابوي اول مره اشوف حيوان زبه في راسه",1,yes
حياة أغلب النسوان صعبة : *الصبح : غسيل ملابس *الظهر : تجفيف ملابس *العصر : كوي ملابس *الليل : شلح ملابس *نص الليل : بدون ملابس *الفجر : البحث عن ملابس !!,1,no
"واد بيقول لامه : انتي لما حملتي فيا كنتي عايزه تجيبي ولد ولا بنت ؟ 
قالتله :  والله يابني انا كنت عايزه اجيب الريموت من تحت الكنبه",1,no
"
واحده راحت لشيخ بتقولو أن الولاد بيعاكسوها وبيقولوها كلام مش فاهمه زي الرمان ظهر والتفاح كبر وانا مشفاهمه حاجه قالها يابنتي جسم الانسان كله فواكه حتى امسكي صباع الموز ده",1,no
"في قملة حبت تشتغل 
راحت لرئيس القمل قالت له : أنا محتاجة و عاوزة  أشتغل 
رئيس القمل عيَّنها فى شنب واحد إسمه مسعد 
تاني يوم رجعت لرئيس القمل وقالت له :
عاوزة أستقيل 
سألها : ليه ؟؟
قالت له : مسعد بيدخن وأنا عندى ربو
قال له : خلاص  نشغلك بين رجلين سمية 
المهم تانى يوم رجعت لرئيس القمل وقدمت إستقالتها 
سأله : ليه تانى  ؟؟
قالت له : نمت بالليل بين رجلين سمية
لقيت نفسى الصبح فى شنب مسعد
ومسعد بيدخن وأنا عندى ربو",1,no
"مرة اسكندرانى بيفهم ابنه يعمل ايه ليلة الدخلة قاله لو لقيتها سليمة اطلع البلكونه اضرب طلقة مفتوحه اضربها بالنار 
اول يوم طلع ضرب طلقة تانى يوم قتلها",1,no
مره واحد لقى مصباح سحري، دعكه راح طلعله جني بيقوله ليك أمنيه واحده، فكر شويه و قاله: بص، انا عايزُه يوصل لحد الأرض، راح قاطعله رجله.,1,no
"
واحد خلف بنت اسمها زينب  راح يسجلها في السجل المدني 
الموظف : هي زينب دي بالزين 
الاب: امال ب بز واحد يبني",1,yes
"مره اتنين كانو في القطب الجنوبي قابلو راجل كبير 
واح منهم قالو
بقولك ايه ياعمنا انتو عندكو بنات بيضه  !!
قالو اه طبعا كتيير 
قام قايلو طب عندكو بنات سودا  !! 
قالو اه بس مش كتيير 
قام قالو طب عندكو بنات بيضه في اسود  !!
قالو ايه يابني الي بتقولو دا لاء طبعا 
قام المحشش قايل لصاحبه شوفت علشان تعرف بس الي احنا نكناه ده بطريق",1,yes
"
بنت بتسأل أمها هوا الأتوبيس بيدخل عندنا الشقة؟ 
قالتلها لأ بس ليه يا حبيبتي؟!!
قالتلها أمال بابا بليل بيقولك إركبي قولتيله إستنا لما يقف الأول",1,no
"ليه الفلاح اما بينيك مراته مبيبوسهاش ؟
بيبقى ماسك الجلابيه ب بوقه",1,yes
بيقولك الشراقوه بيحبوا الانال سكس ،عشان من الشرجية,1,yes
مرة واحد اسمه احمد طلق مراته و بعد كده اتجوزها صاحبه محمد... ف احمد حب يضايق محمد فبيقولو ايه اخبار المستعمل معاك قاله والهى هو اول ٣ سم مستعمل بس الباقى جديد,1,no
"واحد بيتخانق مع مراته 
قالتله خد اى حاجه تخصك فى البيت وامشي
 راح ماسك ايديها ، فابتسمت بخجل
 قالها اقلعى الغوايش",0,no
"ولد انسرق سيكله راح الشرطه يشتكي
سأله الشرطي: شاك في آحد؟
قاله: نعم~ ابوي ، سمعته امس في الليل يقول لأمي
بسرعه اركبي عليه قبل الولد ما يقوم",1,yes
"زوجه طلبت من زوجها فلوس تشتري ستيانات

قالها:ليه؟ اصلآ ما عندك صدر يستاهل.

قالت:  الله اكبر! انا عمري سألتك ليش تشتري سراويل",1,yes
"سعودي فاز في مسابقه في لبنان وهيفاء وهبي توزع الجوائز عليهم

 قالت مبروك جبت الأول ٠ قال لو تقربين بعد شوي جبت الثاني !!",1,no
"محشش سأل شيخ :يصلح تصلي بدون وضوء ؟قال الشيخ :لا مايصلح
قال المحشش: طيب وش رايك في اللي سواها وضبطت",1,no
"وحده فصخت بنطلونها ورمته قدام زوجها وقالت:
حسسني إني حرمه!!
قام فصخ بنطلونه ورماه قدامها
وقال: غسلي الإثنين واكويهم..",1,no
وحده خذت زوجها للميكانيكي سالها وش مشكلته؟ قالت مايجيب الثاني ابدا,1,no
"بنت راحت على دكتور يكشف عليها من تحت
قالت: ياريت يادكتور تدخل طرفه بس
قال: شنهو
قالت: دخل طرفه تكفئ تونسني
عصب الدكتور وطردها
طلعت تصيح و لقت اختها برا
وسألتها: شبيج؟
قالت: يوم جاء يكشف علي استحيت أني لحالي قلتلو
يدخلج معاي قام وطردني !!!
طلع آسم آختهآ طرفه",1,no
لعيب كورة بيسأل مراته إذا كانت خانته قبل كده ولا لا فقالت له : بصراحه (3) مرات بس، الاولى: فاكر لما المدرب ماكنش بيرضى يلعبك وبعدين بقى يلعبك!قالها: طب تاني مره ؟ قالت له: فاكر لما زمايلك ماكانوش بيباصولك الكوره وبعدين بقو يباصولك!! قال لها : طب تالت مره؟؟ قالت له : فاكر الجماهير لما ماكانتش بتشجعك وبعدين كلهم بقوا يشجعوك,1,yes
"أب اكتشف إن بنته حامل فسألها: “مِن مين؟”
قالتله: “لو إنت أكلت حلة محشي، تقدر تقولي أنهي صباع بالتحديد اللي وجعلك بطنك؟؟”",1,no
"ولد بيسأل مامته إنت وبابا زمان لما كنتوا بتزعلوا كنتوا تدخلوا الاوضة وتخرجو مبسوطين...
دلوقتي بتخرجوا زعلانين ليه ؟
قالت له: أصل الي كان بيصالحنا مات.",1,no
ذهب رجل ليخطب لولده فقال لاهل العروسة طالبين ايد بنتكن عشان نريح ايد ابننا,1,no
مصرية تقول لزوجها: مش كفاية عشر سنين ما حطيتش في بوئي حتة لحمة؟. قام فصخ سرواله وقال: أمال ده ايه؟ خضار؟,1,no
واحد ادى أبوه علبة فياجرا في عيد ميلاده، تاني يوم ابوه جه وقاله: كتر خيرك يا ابني، أمك رافعة رجليها طول الليل عمالة تدعيلك,1,yes
"واحدة راحت للدكتور قالتله الحقني يا دكتور
انا كنت بلعب بالموبيل و انحشر جوا
والمشكلة اني كنت عملاه فيبريشن قبل ما ينحشر
وكل لما حد يتصل الفيبراشن يشتغل و يتعبني قوي
قلها متقلقيش عملية بسيطة و نطلعه
قلتله لا انا مش عاوزة اطلعه انا عاوزة اشحنه",1,no
سؤال: هنالك شيئين اذا كانوا بالهواء بيخلوا المرأة تحبل، ما هما ؟ الجواب : رجليها,1,no
غبي يغازل مرته قال لو انك بالهند كانو عبدوكي قالت ليش انا ملاك قال لا بقرة,1,no
"صرصور تزوج ناموسه سافلة بعد اسبوع طلقها سألوه ليش؟
قال : ياخي مجنونة مص",1,yes
"خياط سأل الزبون الختيار
حضرتك لمى بوقف زبك بتحطو بالبنطلون على اليمين ولا على ليسار مشان اعمل حسابي.
جاوب الختيار :هوة يوقف وانا بحطو على راسي",1,yes
واحد بلحس لمرته قالتله اشلح النضاره جرحتلي فخادي شلح النضاره و كمل لحس بعد شوي قالتله البس النضاره لأنك بتلحس في السجاده,1,yes
سألوا مهندس معماري: إيش الخطأ الهندسي في تصميم جسد المرأة؟أجاب: المنطقة الترفيهية ملاصقه للصرف الصحي !,1,no
"في واحد مريض راح عند الدكتور
بعد ما كشف عليه وصفله ينقع تبعو بالحليب لمدة شهر
شافته جارته من الشباك وقالت:
اول مره بعرف انه بعبوه تعباي !",1,yes
"بنت اسمها جميلة رجعت بعد الدراسه بأمريكا سألها ابوها شلونك جميلة ؟ ردت : اسمي صار ""جم"" لانهم بامريكا ينادون بس اول حرفين .. قال الحمدلله ما راحت أختك زبيده هناك",1,no
"مرة محشش راح يشتري بوكسر
 فات عالمحل قالو بدي بوكسر
قالو البياع لعيونك
قالو المحشش لأ لطيزي",1,yes
دكتور عظام بيقول للزوجة أسف يا مدام جوزك حوضه مكسور قالت : مو مشكله المهم تكون الحنفيه شغاله,1,no
"واحد مصري راح على الشيخ يسأله :
يا شيخ حسن.. أنا لما أكون مع مراتي بالفراش.. ماحسش انها تسخن
قال له الشيخ حسن أحضنها من ورا.. وبوسها من رقبتها و احملها و ارميها بالسرير.
راح الزوج و حضنها من ورا... و باسها من رقبتها.
ضحكت الزوجه وقالت: انت جيت يا شيخ حسن؟!",1,no
وحده بتقول لصاحبها انا بردانه فمسك ايديها قالتله لسه بردانه فحضنها قالتله لسه بردانه فباسها قالتله لسه بردانه فنام معاها قالتله خلص دفيت قالها يعني هاد هوه الخزق اللي كان مدخللك هوا.,1,yes
"واحد ما بيعرف ينام مع مرتو إلا والغرفة عتمة
المرة بدها تعرف ليه زوجها بيطفي كل شي قبل ما ينام معها جابت كهربائي وعملها زر اللمبة جنب التخت
ولما زوجها إجا ينام طفى اللمبة
إستنت شوي وكبست الزر ولقيته ماسك بإيده خيارة
قالتلو : 25 سنة وإنت عم تكذب عليي وأنا مفكرتك رجال .
قالها : إنقبري إسكتي 25 سنة ما سألتك من وين جبتي الأولاد",1,no
محشش ليلة الدخلة قالت له زوجته: معي الدورة الشهرية!! قال أنا ما همتني المؤهلات.. أهم شي الأخلاق,1,no
"فيه وحده راحت على الدكتور قالتلو صدري صغير وبدي ياه يكبر
قاللها بمصلك صدرك كل يوم3ساعات لمدت شهر
قلتلو وكمان جوزي زبو صغير اجيبو معي",1,yes
"واحد مرته في المستشفى بتولد 
شافها قديش تتوجع من الم الولاده وحزن عليها 
قام دعى: ياااارب اطلعها بالسلامه والله ما بقربها مره ثانيه
قامت صرخت في وجهه : لا هاذ وجع بسيط وبروح ",1,no
"رجال ومرته راحو لحديقة الحيوان، وقفوا عند الغوريلا ..قالها زوجها : إعميليلو حركات تهبله
قامت طلعت صدرها قام جن الغوريلا ..
رجع قالها زوجها : عميليلو حركات إغراء .. 
قامت شلحت التنورة وقام الغوريلا انهبل و بلش صراخ وجنون وصار يخبط عصدرو.
.قام زوجها دفشها على الغوريلا وسكر القفص عليهم وقالها : هلأ قوليلو تعبانة وراسك عم يوجعك ونعسانة بدك تنامي",1,no
"مرة واحد اشترى خروف وعاوز يدخله في الجنينة لكن الخروف مش عاوز يدخل الجنينة
حاول معه حاول معه الخروف مارضي يدخل الجنينة
اجى ابنه قال يا بابا استنى شوي
راح الولد وجاب كوب ميه وكبه على راس الخروف
الخروف دخل طولي على الجنينة
قاله برافو يا ابني من وين جبت هالفكرة
قاله من ماما اسمعها بتقولك بلله راسه بيدخل على طول",1,no
"عزيزتي الانثى
حبيبك مثل الواي فاي
عندما تقتربين منه يرتبط بك وعندما تبتعدين عنه يبدأ بالبحث عن اجهزة أخرى
فانتبهي للمودم حقك",1,no
"وحدة راحت عند الدكتور لما شافها الدكتور انجن من كثر ما هي حلوة ومزة قالها اتفضلي على السرير واشلحي البنطلون وبدا يحسس عليها
جريها سالها : انتي بتعرفي شو عم اعمل قالتله : اه بتفحص اذا عندي تشوهات ..
قالها صحيح طيب اشلحي البلوزة والستيانة وبلش يحسس على صدرها
سالها : بتعرفي شو عم اعمل ؟
قالتله : اه بتفحص اذا في عندي سرطان الثدي 
قالها : صحيح طيب اشلحي الكيلوت طلع تبعو و بلش ينيك فيها ؟
سالها : بتعرفي شو عم اعمل قالتله : اه عم تعالجني من الايدز الي عندي ؟!",1,yes
"واحد كاتب: من اهم صفات الزوجة الناجحة الطبخ 
ردت عليه وحدة : اكبر طموح البهايم علفها",1,no
الزوجه: لقد رأيت جارنا يقبل زوجته لماذا لاتفعل مثله الزوج: هل تعتقدين ان جارتنا سوف توافق,1,no
زوج سافر ورجع لقى صديقه عند زوجته فقتله فردت زوجته وقالت غبي غبي غبي بالطريقه دي حتخسر كل اصحابك,1,yes
"
مره واحد بصبحيه عرسه دق عليه الباب .قالتله مرته اوم افتح الباب ولا كمان ما بتعرف",1,no
مرة رجل يغازل زوجته قال لها احبك عدد مافي العراق من جنود وعدد مافي دبي من هنود,1,no
واحد في ليلة عرسه قرصته نحله في عيره ودخل على زوجته ولقته كبير وعقب فتره بدى الورم يخف وعيره كل يوم يصغر قالت له العروس : إنت متأكد إن عيرك بيكفينا لآخر الشهر ؟,1,yes
"جاء المدرس وسحابه مفتوح
فقال الطالب:السحاب مفتوح
قال المدرس :لا تقل السحاب قل غرفة المدير ولا تحرجني امام الطلاب 
وفي يوم من الأيام جاء المدرس والسحاب مفتوح
قال الطالب :يااستاد غرفة المدير مفتوحة والمدير طالع",1,no
"محشش يقول لخويه: ياخي فندق الفيصلية بطران تصدق إنك تروح لهم تاكل وتشرب وتنام بلاش وفي الصباح يعطونك 3 الاف ريال قبل لا تمشي، قال خويه: إنت مجربه؟
قال : لا والله اختي مجربته.",1,no
دخل محشش إمتحان العلوم وكان السؤال إذكر 4  فوائد لحليب الأم ؟  فكر فكر وكتب 1 - لايحتاج إلى غلي 2 - لا تستطيع القطط أن تسرقه 3 - متوفر24 ساعة.. إحتار في الرابعة وبعد تفكيرعميق جته فكرة وكتب‏ 4 - محفوظ في علبة‏ جذابة,1,yes
"رجال قاعد مع زوجته وامه يتفرجوا على التلفزيون في الصاله
وقالت الزوجة انا تعبانة رايحة لغرفتي ارتاح ...
قال الرجال لأمه :رح اروح أتطمن على زوجتي وارجع.
راح وطول شوي ورجع و سحاب بنطلونه مفتوح !!!
قالت أمه : ها خير طمّني يا ابني على زوجتك ؟؟
قال : تعبانه شوية تشتكي من كحة وحرارة وعطيتها دواء و صارت كويسه وبتنام ..
قالت الام : الله يعطيك العافيه ياابني .. نسيت تسكر غطاء علبة الدوا !",1,no
"وحدة طلبت من زوجها يصلح الباب 
قلها شايفتيني نجار 
طلبت منه يصلح الحنفيه 
قلها شايفتيني سباك 
طلبت منه يزبط الحديقة 
قلها شايفتيني جنايني وراح عالشغل 
رجع من الشغل لقا الحديقة زابطة والباب متصلح والحنفيه زابطة 
قلها انتي عملتيهن قالتله لا اجا جارنا وطلب مساعدتي بشرط اما يبوسني ليشبع او اعملو همبرغر لياكل 
قلها اكيد عملتيلو همبرغر 
قالتلو شو شايفني ماكدونالدز ",1,no
في وحده شقره طلعت بلباص لقتو زحمه الباص ومشوارها بعيد وضلت واقفه كل طريق وشافه شب تعبانه وخلاها تقعد بحضنو  مسك شعراتها وشمون وقالها انتي كوافيرا شي قالتلو كيف عرفت قلها من ملمسو وقالتلو انته مكانيكي شي قالها اي كيف عرفتي قالتلو  لان الكريكو عم يرتفع شوي شوي,1,no
"غابت وحدة عن صديقتها أسبوع
وبعد مارجعت
 سألتا رفيقتا وين كنتي شتقتلك كتير
قالت رفيقتا كنت بالشيشان
سألتا شو جبتيلي معك
قالت شبت شيش ألك وشيش إلي
قالتها ياريتك رحتي إيران",1,no
"زوج نايم مع زوجته في خيمه   
 وزوجته تقول له : اهرسني مثل  ما بھرسوا الهريسة
 واحد سمعھم من ورا الخيمه 
 حب يستھبل قال : ذوّقونا من هريستكم 
 رد عليه الزوج : الهريسة خلصت  اذا بدّك تلحس الملعقه تعال !",1,no
"وحدة زوجها ما بقرب عليها
لبست احمر ... ما نفع 
لبست ازرق .... ما نفع 
لبستلو اخضر.. 
قالها: طالعة متل الحديقة
قالتلو طب شو رأيك تطلع الخرطوم تبعك وترشها؟",1,no
"زلمة ماشي مع بنته بالشارع وبنته مزه 
لحقهم شاب وقعد يعاكس على البنت..
التفت عليه الزلمة وقال له: عجبتك البنت؟
قال الشاب: إيو والله أعجبتني كثير
قال له الزلمة : طيب روح جيب امك
عشان أخليها تجيب لك أخت زيها",1,yes
"مرة أب عرف إنو إبنو بمارس العادة السرية...
قال الاب : بابا حرام عدول ولادك 
وممكن يكون واحد فيهم مهندس او طبيب
المهم اقتنع الولد وقف العادية السرية ...
بعد شهر تحمس وما قدر يمسك حالو
 وبلش جلخ  ..والحليب وصل للسقف 
قال الشاب: اووه اكيد هاد كان طيار",1,yes
"وحدة لبنانية  اتصلت بمدرس ابنها الكسلان لتوصيه فيه ، قالتلو : 
دخيلك يا استاذ ، بترجاك ما تحطو ورا ، حطو قدام خليني ارتاح 
اذا نام هزو ووعيه ، خليه يضل قايم 
واذا عذبك ما تتطلعو برا كرمالي خليه جوا 
واذا لقيتو برا وحياتك رجاع فوتو مرة تانية 
انت بتشد شوي وانا بشد شوي 
يمكن بالاول نتعب بس المهم  النتيجة بالأخر وانت وانا منبقى مبسوطين ",1,no
"رجال مواعد وحدة دارسة علم نفس اخذها على البيت......
قالتله: خليني اشوف كيف بدك تفتح الباب
قلها : ليش؟
قالت: لانو طريقة فتحك للباب بتعرفني كيف انت بالسرير  
يعني اذا فتحت الباب بسرعة بتكون مستعجل واناني وتحب نفسك
وانا ما بحب هيك
واذا فتحت ببرود وعلى مهلك بعتبرك غشيم وما عندك خبرة 
وانا ما ارتاح هيك
وهلاء خليني اشوف كيف بدك تفتح الباب
فكر شوي
وقلها : انا بالعادة اول اشي بلحس القفل",1,no
"اجت امها لعندها لتزورها قالتلها:
ليش الصحون مكسرة؟
قالت: تخانقنا 
قالتلها: وليش؟ التخت مكسور؟
قالت: تصالحنا ",1,no
"ﻋﺮﻳﺲ ﺍﺗﺰﻭﺝ : ﻓﻲ ﻟﻴﻠﺔ ﺍﻟﺪﺧﻮﻟﻪ
ﻫﻮ ﻣﺴﺘﺤﻲ ﻳﻐﻴﺮ ﻗﺪﺍﻡ ﺍﻟﻌﺮﻭﺱ
ﻭﺍﻟﻌﺮﻭﺱ ﻣﺴﺘﺤﻴﻪ ﺍﺗﻐﻴﺮ ﻗﺪﺍﻡ ﺍﻟﻌﺮﻳﺲ
ﺍﻟﻌﺮﻳﺲ ﺣﻜﺎﻟﻬﺎ ﺍﻧﺎ ﺑﻌﻄﻴﻜﻲ ﺿﻬﺮﻱ ﻭﺑﻐﻴﺮ ﻭﺍﻧﺘﻲ
ﺑﺘﻌﻄﻴﻨﻲ ﺿﻬﺮﻙ ﻭﺑﺘﻐﻴﺮﻱ ﺑﺲ ﻣﺎ ﺣﺪ ﻳﻄﻠﻊ ﻋﻠﻰ ﺍﻟﺜﺎﻧﻲ
ﻭﻫﻤﻪ ﺑﻐﻴﺮﻭ ﺍﻟﻬﺮﻭﺱ ﻃﺎﻟﺖ ﺍﻷﻭﺍﻋﻲ ﺗﻠﺒﺲ ﻣﺴﻜﺖ
ﻗﻤﻴﺺ ﺍﻟﻨﻮﻡ ﻭﺑﺘﺤﻜﻲ ﻳﺎ ﺍﻟﻠﻪ ﻗﺼﻴﺮ ﻭﻣﺠﻌﻠﻚ
ﻧﻂ ﺍﻟﻌﺮﻳﺲ ﺑﺤﻜﻲ ﻣﺶ ﺍﺗﻔﻘﻨﺎ ﻣﺎ ﺗﻄﻠﻌﻲ ﻟﻴﺶ ﺗﻄﻠﻌﻲ",1,no
"ولد سأل أمه ليه جارنا يجيب لنا كل شي 
قالت: لوأتكلت على أبوك حتى أنت ماجيت",1,no
"عندما اكملت الزوجة ال40 أراد زوجها أن يحتفل بها وذهب إلى محل الحلويات وطلب منه كيكه يكون مكتوب عليها العبارة التالية
(صحيح كبرتي ، بس احلويتي )
وقبل الحفلة بساعات اتصل صاحب المحل بالزوج ليسأله عن كيفية كتابة العبارة فقال له الزوج : اكتب كلمة (صحيح كبرتي)من فوق باللون الأزرق ، واكتب كلمة (بس احلويتي) من تحت باللون الزهري
وفي الحفل اجتمع الجميع ليفتحوا علبه الكيكه وعندما فتحوها غرق الجميع بالضحك وأغمي على الزوجة ، لأن عامل الحلويات كاتب :
صحيح كبرتي من فوق
بس احلويتي من تحت",1,no
بنت متجوزة جديد أمها بتقولها طول ما السرير بيتهز، البيت هيفضل ثابت.,1,no
"واحد يقول لزوجته :
أمس كنتي بتشتميني وانتي نايمة
الزوجة : يتهيأ لك.
الزوج : شو اللي يتهيأ لي ؟
الزوجة : يتهيأ لك إني كنت نايمة",1,no
"تعرف عليها بالجوال وأتفقوا على موعد يلتقوا جنب الصيدلية..
قالها: كيف أعرفك ؟
قالت : طولي 165 ووزني 60 وانا كيف اعرفك؟
قالها :راح أكون شايل باليمين متر وباليسار ميزان",1,no
"وﺣﺪﺓ ﺑﺘﺴﺎﻝ ﺟﻮﺯﻫﺎ
ﺷﻮ ﺑﺘﺤﺲ ﻟﻤﺎ ﺍﻣﺼﻠﻚ ﺍﻳﺎﻩ
ﻗﺎﻟﻬﺎ ﺑﺮﺗﺎﺡ ﻣﻦ ﺻﻮﺗﻚ 10 ﺩﻗﺎﻳﻖ",1,yes
"ﻣﻠﻚ ﻭﻣﻠﻜﺔ ﻋﻢ ﻳﻨﺎﻣﻮﺍ ﻣﻊ ﺑﻌﺾ ﻭﻭﺍﻗﻒ ﻋﺒﺪ ﺃﺳﻮﺩ ﺣﺎﻣﻞ ﻣﺮﻭﺣﺔ ﻭﻋﻢ ﻳﻬﻮﻳﻠﻮﻥ.
ﺑﺲ ﺧﻠﺼﻮﺍ ﺳﺄﻟﻬﺎ ﺍﻟﻤﻠﻚ ﺇﺫﺍ ﻛﺎﻧﺖ ﻣﺒﺴﻮﻃﺔ
ﻓﺠﺎﻭﺑﺘﻮ ﻻ!
ﺟﺮﺏ ﻣﺮﺓ ﺗﺎﻧﻴﺔ ﻭﺍﻟﻌﺒﺪ ﻭﺍﻗﻒ ﻋﻢ ﻳﻬﻮﻳﻠﻮﻥ ﻭﻫﺎﻟﻤﺮﺓ ﻛﻤﺎﻥ ﻗﺎﻟﺘﻠﻮ ﻣﺎ ﺃﻧﺒﺴﻄﺖ.
ﻓﻘﻠﻠﻮ ﻟﻠﻌﺒﺪ ﺟﺮﺏ ﺍﻧﺖ ﻭﺃﻧﺎ ﺑﻬﻮﻳﻠﻜﻮﻥ!
ﺑﺲ ﺧﻠﺼﻮﺍ ﺳﺄﻟﻬﺎ ﺍﻟﻤﻠﻚ ﺇﺫﺍ ﺃﻧﺒﺴﻄﺖ، ﻗﺎﻟﺘﻠﻮ ﻛﺘﻴﻴﺮ!!!
ﻓﻘﻠﻠﻮ ﻟﻠﻌﺒﺪ : ﺷﻔﺖ ﻳﺎ ﺣﻤﺎﺭ ﻛﻴﻒ ﻻﺯﻡ ﺗﻬﻮﻭﻱ!",1,yes
"وحدة احترق جوزها بالبناية مع كل السكان!
سألها الظابط : تعرفتي على جثة جوزك؟ قالتله لأ... 
قلها اذا مسكتي تبعو بتعرفيه ؟ قالت اكيد! 
مسكت اول واحد قالت مش جوزي! 
مسكت التاني قالت مش جوزي! 
مسكت التالت قالت : هيدا مش ساكن بالبناية",1,yes
"بنتين راحو لعند بياع موز
قالت وحده للبياع
حطلي 5 كيلو موز
رفيقتها قالتلا : كتير 5 كيلو؟
ردت عليها:مو مشكله..الباقي بناكله",1,no
ست كشفت عند دكتور امراض نسا وسألته على خطوط سودأ على فخدها الشمال فسألها : هو جوزك بيشتغل إيه ؟ فقالتله :- نجار    قالها :- لما ييجى يلحسلك خليه يشيل القلم من ودنه,1,yes
"واحد تجوز جديد بعد اكم شهر كبر بطن مرتو راح على الدكتور بفكرها حامل قلو الدكتور منفوخه
انكسف الرجل ورجع
وبعد اكم شهر كمان كبر بطن مرتو وراح على الدكتور قلو منفوخه 
برضو رجع وهو مكسوف
وبعد اكم شهر كبر بطن مرتو وراح على الدكتور وكان نفس الشيء 
اجا الزلمه عصب وشلح بنطلونه وقال للدكتور بالله شوفلي هاذ منفاخ؟",1,no
"واحد لطش بنت لابسة تنورة قصيرة. وقلها : مرحبا 
البنت؛ اهلين 
الشب: شوفي تحت هالتنورة يا حلوي
؛ البنت وهية معصبة؛ جهنم الحمرة 
الشب : في عندي كافر ابي اعزبه ممكن تدخليه",1,yes
عريس وعروس دخلو غرفة النوم وبلشو يشلحو قالت عروس شو أيرك صغير رد عليها وقال بس ذكي قالت عروس ياريتو طويل وأهبل,1,yes
"واحد بالفندق وهوي داخل المصعد ضرب كوعو بصدر بنت بالغلط طلع فيها وقلها : اذا قلبك طري متل صدرك اكيد بتسامحيني.
قالتلو : اذا زبك قاسي متل كوعك رقم غرفتي ١٢٣",1,yes
مرة دبوس طلق مراتو عشان كان بيشك فيها,0,no
"مره كتكوت جوز امه اتحبس راح للظابط
قله طلع ديك امي",1,no
بلدياتنا نزل البحر وكان فية سحب جامد .... كسب تلاجة,0,no
اتنين حشاشين بيلعبو كورة واحد شاط و الثاني اتحرق,0,no
لية السمك بيخاف من الجنيه؟ علشان الجنيه فيه 100 قرش,0,no
مرة واحد راح السودان بالليل ملقاش حد,1,no
" كرسي بيفرقع لما حد يقعد عليه و يكدب. فجابوا بوش و سألوه: بتفكر تعمل ايه الأيام الجاية؟
فقال: أنا بفكر أعمل معاهدة سلام بين كل بلاد العالم، فالكرسي فرقع.
و جابو صدام حسين و سألوه: انت بتفكر تعمل ايه الأيام الجاية؟
فقال: أنا بفكر أعمل معاهدة سلام مع الكويت. فالكرسي فرقع.
و جابو واحد بلدياتنا و سألوه انت بتفكر تعمل ايه الأيام الجاية؟
فقال: أنا بفكر ف.... فالكرسي فرقع",1,no
مرة ولد بيسأله ابوه: صحيح يا با الحب اعمى؟ قاللوا آه يا با بص في خلقة أمك وتعرف,1,no
"واحد أعمى واقف يشحت من واحد تاني
فالتاني سأله : إيه اللى يثبت لى إنك مش بتشوف
فرد عليه قاله : شايف اليافطة اللي هناك دى
فقاله : أيوه
فقاله : أنا بقى مش شايفها.",0,no
"مره طالبه مشاغبه المدرس اشتكاها للمدير. المدير بعتلها قال لها "" عملتى ايه؟"" قالت له "" ولا حاجه رميت ورده من الشباك"" قال
""بس كده؟"" قالتله ""اه"" بعد شويه لقى طالبه مدغدغه ومكسره سالها "" ايه الى عمل فيكى كده؟"" قالت له "" انا ورده الى اترميت من الشباك.""",0,no
الحب مثل البول في السروال، فضيحة يرها الآخرون ولكن لا يشعر: بدفئه إلا أنت,1,no
"اثنين محششين يلحقون بنت حلوه
فجأة لفتت عليهم
سألت الأول شتبي
قال بتعرف عليك
قالت اتعرف على كلب ولا اتعرف عليك
سألت الثاني وأنت شتبي
قال هو و هو هو هوو",0,no
إذا قدرت تشبك الشاحن في الظلام صدقني ليلة الدخله امورك طيبة,1,no
"بنت صدمت شايب وهو يمشي
قالت: عفوا ما شفتك
قام الشايب عن الارض
و نقض ثيابه ورفع ثوبه وانكشفت عورته
فانصدمت البنت
وقالت له : ما تستحي عيب عليك
الشايب قال : عجیب والله
هذا شفتيه !! لكن أنا بطولي و بعرضي ماشفتيني",1,yes
"واحد سوى عملية عند دكتور غسيل مخ ومسح ذاكرته
سأله الدكتور متذكر شي؟
قاله: زوجتي
قال الدكتور: هذا فيروس ما قدرنا نشيله",1,no
"زوجة تتصل بشيخ تشكي حال زوجها المتدهورة في العمل ويعاني ضيقا في الرزق ودائم كثير المشاكل والتذمر
فسألها الشيخ : هل يصل الرحم ؟؟
قالت: لا ، زبه صغير.",1,yes
"طفل صيني سأل ابوه : ليش العالم يقولون علينا نتشابه ؟
قال الاب : ما عليك منهم العالم ما عندهم غير الكلام الفاضي وبعدين انا عمك ماني ابوك",1,no
"واحد يبوس خطيبته في بيت أهلها..
قالتلة خطيبته تعال نلعب لعبه
كل مرة بتبوسني قول إسم شهر من شهور السنة..
قالها : اوكي !
فقعد يبوسها ويقول يناير ( امووواااح ) فبراير
( اموواااح ) لما وصل ديسمبر وهو يبوسها
فشافت البنت أمها قالتلها:
ماما أنتي من متى هنا؟
قالتلها: من بداية السنة يابنت الكلب",1,yes
"الزوجة: حبيبي رح تجيبلي دهب ب 8 مليون لما نتجوز؟
الزوج: حبيبتي انتي بتستاهلي ماس.
الزوجة: عنجد؟؟
الزوج: ماس كهربائي ينفضك انتي وامك",1,no
"القاضي: ليش قتلت مرتك؟
المحشش : كل يوم بتعملي مشاكل وما بتسمع الكلمة
القاضي: وليش ما طلقتها وبعتها عند اهلها
المحشش: ما هيدا اللي صار اهلها ميتين من زمان واني بعتها لعندن",1,no
"
ليه الأرجنتين مافيهاش تين؟
عشان في امريكا اللاتينية",0,no
مرة أخطبوط بيعدي أخطبوطة الشارع قالها هاتي ايدك هاتي ايدك هاتي ايدك هاتي ايدك هاتي ايدك,0,no
مره اسكندراني لقي فانوس سحري دعكه طلعله جني جاب بيه سندوتش فلافل,0,no
ليه فأفغانسان مكنوش بيخلوا فيه مدارس و جامعات ولاد بس؟ عشان ميقعدش طالب جمب طالب يبقوا طالبان,1,no
مرة قسيس راكب موتسيكل ومروح بليل عدا علي كمين الظابط بيقوله مش خايف يا ابونا وانت مروح لوحدك كدا قاله يبني انا مش لوحدي ربنا معايا .قاله اربعة على مكنة؟ خدوه,1,no
ايه الفرق بين اليهودي والبيتزا؟ البيتزا مبتصرخش ف الفرن,1,no
بواب بيتخانق مع ابنه قاله أنا نفسي أعرف انت طالع لمين,0,no
مره واحد بخيل طلب من ابنه ينزل يجيب تلت أرغفه عيش وبعد ما ابنه نزل امه ماتت راح اتصل بأبنه بسرعه وقاله: ألحق امك ماتت خليهم رغيفين بس,0,no
مرة سيجارة اتخانقت مع واحد جابت اصحابها وقالت نيكوتين أمه,1,no
مره اتنين شواذ نامو مع بعض بعد ما خلصو واحد بص ل التاني قاله كده عشره على عشره,1,yes
مدير فني ضرب ١٠ نزلهم ٤-٤-٢,1,yes
مرة اتنين شواذ بينيكوا بعض واحد قال للتاني اوعى تقول لحد ع اللي بنعمله ده فرد عليه وقاله عيب عليك انت بتنيك راجل,1,yes
مرة 3 زنوج عملوا حادثة آتنين ماتوا و واحد نيجا,1,yes
مرة واحد بتاعه ٥٠ سنتي فمش عارف يتجوز فراح لحكيم القرية طلب حل للمشكلة دي الراجل قاله روح عند البحيرة اللي في اخر القرية هتلاقي فيها ضفدعة مسحورة اسألها تتجوزيني اكيد هتقولك لأ و ساعتها هتلاقي بتاعك قصر ١٠ سنتي فراح فعلا وقال للضفدعة تتجوزيني قالتله لأ لقى بتاعه بقى ٤٠ سنتي فرح وجرب تاني قالها تتجوزيني قالتله لأ لقى بتاعه بقى ٣٠ سنتي فقال يجرب مرة كمان عشان يقصره اكتر قالها تتجوزيني قالتله اييييه انت مبتفهمش منا قولتلك لأ لأ لأ,1,yes
بيقولك مره واحد في ليلة الدخله شاف مراته بتقلع فلقاها لابسه كلوت اسود فقالها انتي لابسة كلوت اسود ليه قالتله اصل ابويا ميت قالها ماشي راح قالع هو كمان فبصت وقالتله هو بتاعك اسود كده ليه قالها اصله جاي يعزي,1,yes
شيخ مصري يخطب على المنبر  وقال: لقد عم الفساد البلاد حتی اصبحت العاهرات يمارسن الفاحشة ب 500 جنيه ! واحد قاعد رد عليه 800 جنيه يا مولانا ! قاله دى لو هتبات يابنى !,1,yes
"واحد رجع البيت لقى على السرير دب كبير
راح سأل مراته: إيه البتاع اللي على السرير ده ؟
قالتله: أصل أنا لقيت مصباح سحري ودعكته فطلع منه عفريت و جابلي الدب ده !!
راح واخد المصباح ودعكه فطلع له العفريت فقاله: أنا عاوز مليون دولار !!
راح العفريت جابله مليون زرار.
رجع لمراته وقالها: إيه العفريت الأطرش ده .. أقوله عاوز مليون دولار يجيبلي مليون زرار .. أعمل بيهم إيه دول !!
قالتله: يا سيدي .. يعني هو أنا اللي كنت عاوزة دب كبير",1,no
"‎صعيدية راحت مكتب اتصالات عايزة تكلم امها في القاهرة
مدير السنترال قال لها: المكالمة بـ 100 جنيه قالت له: ماعييش فلوس يا بيه .. ومستعده اعمل أي حاجة عشان أكلم أمي. حب يستغل الفرصة وقال لها: يلا تعالي ورايا خدها المخزن قالها: وطي .. وطت إفتحي سوستة بنطلوني .. فتحته !! إمسكي بتاعي وقربيه من بوقك .. مسكته !! قال لها: يلا إبتدي قالت بصوت عالي: إزّيك يمه .. سامعاني كويّس",1,yes
قهوة تمشي بالشارع مع شاي قالها ليش وقفتي قالت ما عاد فيني هيل,0,no
"
مره مدرّسة كانت بتسأل العيال، ايه اللي بيطير في الجو و بيبدأ بحرف ال ط، واحد قالها طائر، قالتله غلط، طيارة طيارة، بس عجباني اوي طريقة تفكيرك دي. سألت ايه اللي بيعوم في البحر و بيبدأ بحرف ال س، واحد قال سمكة، قالتله غلط، سفينة سفينة بس عجباني اوي طريقة تفكيرك دي. واحد قال بدل ما هي عمالة تسأل اسألها انا، قالها يا ميس، ايه الحاجة اللي تحت الحزام و بتبدأ بحرف ال ز؟ قالتله ولد!!! قالها زرار زرار بس عجباني اوي طريقة تفكيرك دي",1,no
‏مره واحد بخيل بيدور علي فلوس في مناخيره بعد ماعرف ان فيها جيوب انفيه,0,no
مرة واحد صعيدى حب يكمل تعليمه في الخارج راح نط من سور المدرسة,1,no
مرة دكتور أسنان رجع من الشغل لقى عياله بيتخانقوا، قال: مش معجون كدة، ادوني فرشة اتكلم,0,no
مرة واحد صعيدى إنفرد بالجون ناكه.,1,yes
"طياره وقعت كل الرجاله ماتت ماعدا الستات! ليه؟
كانوا لابسين الويز بالاجنحة",0,no
"مرة واحد متجوز جديد و شغال بوس و احضان بس مراتُه قالتلُه "" مش عايز حاجة من تحت؟"" قالها ""علبة سجاير"".",1,no
مرة مدرس بتاعه وقف قاله جاوب,1,yes
بيقولك العجلاتي في ليلة الدخلة بيملا البانيو مياه و يحط مراته فيه عشان يعرف الخرم فين,1,no
مرة قطايف راحت عند الدكتور ليه؟ عشان الحشو وقع.,0,no
"ليه الكمبيوتر بيكون بردان؟
عشان فاتح الويندوز ",0,no
مرة واحده بتقول لجوزها ليه مبتقوليش ربنا يخليكي وميحرمنيش منك ابدا؟؟ فقالها: طب افرضي ربنا استجاب..,1,no
مرة واحد قال نكته والتاني قال منكتهوش.,1,yes
مرة واحده خطافه رجاله راحت القهوة طلبت جوز هند.,1,no
مرة سألوا فار بتحب اي؟ قالو التشيزز الكبيرة.,1,no
مره واحد محكوم اعدام سألوه ايه طلبك الاخير قالهم اعمل عمليه اتنفس من اي حته غير رقبتي وتمت العمليه اتنفذ الحكم شنقا والراجل عاش احتفالا بالحياه قرر يتجوز وف الفرح واحد صاحبه بعبصه اتخنق ومات.,1,yes
"شو الفرق بين المرأة والدجاجة ؟؟
الدجاجة بتقعد بهدوء حتى لو تحتها عشر بيضات
المرأة إذا قعدت على بيضتين ما بتتهدى.",1,no
مره واحده راحت للنجار قالتله الجرس بتاع الشقه بايظ قالها بكرا هجيلك و هصلحهولك. عدى اسبوع مجاش راحت تقوله مجتش ليه قالها جيت و قعدت ارن الجرس محدش رد.,0,no
جوزي مكنش عجبه طبخي جاب لوحة حطها في المطبخ مكتوب فيها ( ان الله يحب اذا عمل احدكم عمل ان يتقنه ) شلتها و حطتها في أوضة النوم.,1,no
مرة واحدة اتجوزت واحد من وسط البلد و جيه ليلة دخلتهم بقى شافته مكسوف و كدا قالتله انا هعرف أخليك تفك ازاي. و راحت بصاله كدا و هي بتعض على شفايفها و راحت منزله حمالات الفستان لحد وسطها ف جوزها بدأ يهيج و راح قالع الجاكت قالتله ايوة كدا اعمل زيي و راحت قالعه الفستان خالص راح جوزها قالع البنطلون راحت قلعتله البرا و الأندر راح هو كمان قالع البوكسر و الفلنة و راحت غمزاله کدا و نزلت فنلته كدا ع الأرض و مستنياه ييجي يركبها ف استنته دقيقة اتنين تلاتة مجاش فبتبص وراها ملقتهوش بتبص جمبها لقته مفنس جمبها، قالتله: ايوه نجيب حد يركبنا احنا الاتنين.,1,yes
قابلت واحد صاحبي صدفه وبقوله حد يسيب الخليج وينزل قالي كنت شغال ف مصنع شيبسي فالكويت وكنت عايش ف اوضه ضيقة ومكركبة مفيهاش تليفزيون ولا دولاب ولا حاجة ، فالشيخ نائب رئيس المصنع جابلي اوضه جميلة وواسعة اسكن فيها فيها تليفزيون وراوتر فمكنتش مصدق نفسي وعيني دمعت من الفرحة وجبر الخواطر فجريت عليه وحضنته لقيته بيحسس على طيزي.,1,yes
مره واحده كانت بتستحمى ف سمعت الباب بیخبط ف قالت مین؟ رد عليها جارها قالها انا جارکو محمود الاعمى. فقالت تفتحله وهو کده کده مش بیشوف وبعدها تبق تدخل تلبس ففتحتله فاداها طبق حلويات. قالتلته بمناسبه ایه؟ قالها بمناسبه رجوع نظري.,1,no
"واحد بيقول لمراتو جارنا كل يوم وهو رايح الشغل يبوس و يحضن مراته ع الباب.
قالت : وانت يا مضروب ليه ما تعملش زييه
قال : ياريت بس جوزها يوافق.",1,no
مرة واحد بيفتح التلاجة لقي الجيلي بيتهز، قاله ما تخفش ما تخفش انا جاي اشرب.,0,no
صعيدي عمل حادثة قالوله انطق الشهادة قالهم دبلوم صنايع.,1,no
"ليه بيرشوا لبن علي شقق للايجار ؟
عشان تبقي ملك.",0,no
"ليه اليابان ما فيهاش حنان؟
علشان قارتها اسیا.",0,no
واحد عاوز يقول لمرات أخوه إنه أخوه مات من غير ما يصدمها، قالها جوزك اتجوز عليكى يا ولية، قالت له يالهوى إلهي أشوفه داخل عليا ميت. قالها تمام كدا دخلوه يا رجالة.,1,yes
مره واحد ساب عربيته دايرة رجع لقاها مربع.,0,no
"واحد ماشي ومفرشخ رجليله شاهده صديقه وسأله عن السبب.
فقال له: عندي كوليسترول و نصحني الطبيب بالإبتعاد عن البيض.",1,no
"طالب أسنان نجح عملوله كيكة على شكل أسنان.
قال :ياريتني نساء وولادة.",1,no
طفل سأل جده قله عندك أسنان يا جدي قاله لا. قاله الطفل إشطا خلي التفاحة دي معاك على ما أجي.,0,no
"ليه النمر بيجري ورا العربية.
عشان يشوف النمرة.",0,no
"واحد يقول لزوجته : هانعمل جمعيه , كل يوم اعطيكى جنيه و بوسه.
جا اخر الشهر لقى معاها 90 جنيه 
قالها : ازاى دا؟
قالت له : اسكت .... مش ابومحمد جارنا دخل بسهمين.",1,no
"الزوجه : لابد من طرد السائق لأنه كاد أن يقتلنى ثلاث مرات بتهوره.
الزوج : لا ياحبيبتي بل نعطيه فرصه اخيره.",1,yes
"واحدة بتسأل خطيبها بتقوله. ايه أطول نهر في العالم ؟  قالها ” الميسي سبى ” .
قالت له:- لا مش هلمس حاجه إلا لما تجاوب الأول.",1,no
مره تاجر مخدرات بيقول لامه عامله ايه علي الغدا قالتله كبسه راح نط من الشباك.,1,yes
مرة بيضة راحت القسم قالتلهم انا اتسلقت.,0,no
فيه واحد فرش أسنانه واليوم الثاني سكن فيها,0,no
فيه استاذ قال ل طلابه انتم مصابيح المستقبل في طالب ناضر ل زميله نايم قال ياستاذ فيه المبه محروقه,0,no
مرة واحد سأل شيخ عاوز انتحر بطريقة إسلامية قالوا اتكهرب بزينة رمضان,1,yes
مره تلفزيون حب تلفزيونه قالها هاتي بوصة,0,no
مره سمكه راحت تنام قالت ل صحابها سبحو علي خير,0,no
في بقره جالها جفاف جابت حليب بودره,0,no
مره ترزي ماشي في حته مقطوعه قام مخيطها,0,no
بيقولك مره واحده اسمها ملك وقعت على وشها بقت کتابه,0,no
مره واحده اسمها سما زعلت مطرت,0,no
مره واحد أشترى عيش لقاه سخن و داه المستشفى,0,no
واحد نزل ديت مع واحده وبعد الاكل والشرب قالها أنا نسيت المحفظة المهم هی دفعت وفضلوا يتكلموا ساعة وفتحت موضوع أننا بنبقا وحشين ف صورة البطاقة وقالتله وريني شكلك ف البطاقة راح مطلع المحفظة من جيبه.,0,no
مرة عسكري زهق من البندقيه أشتري حمصية.,0,no
بيقولك في برتقالة معصورة، وفي برتقالة مع فيديو.,0,no
مره واحد بخيل مات كتب ف الوصيه متغسلونيش انا مستحمي.,0,no
مره روچ بیهزر مع ايلاينر قاله تصدق إنك عيل ماسكرا.,0,no
مرة واحدة اسمها ندى وقفت ف الشمس اتبخرت.,0,no
مره واحد رجع فكلامه خبط اللي وراه.,0,no
مرة واحد لقى الساعة واقفة جابلها كرسي.,0,no
مره بنت اسمها نور غسلت وشها اتكهربت,0,no
بنت طيبة اشتغلت في الصين مكان حلويات، لمن جاها خامس زبون قالت له يا ولدي كفايه حيجيك وجع بطن.,1,no
راجل قام من النوم على صوت زعيق سأل الجيران في إيه ؟ قالوا له تصدق المياه مسممة . مراته صحيت سألته في إيه؟ قال لها المياه هتقطع إشربي ونامي.,1,no
مره واحد عمل كوبايه شاي تقيله مقدرش يشلها.,0,no
بيقولك مره واحد مكتئب جاع بليل قام واكل بؤس ماط.,0,no
صعيدي راكب ميكروباص الست جمبه طلعت الاجره و قالت السيده زينب. طلع اجرته وقال للسواق السيد عوضين الزناتي.,0,no
مره واحد صعيدى دخل سوبر مارکت و قال عايز لبن قايم الراجل قايله خالي من الدسم ؟ قايم الصعيدي رادد عليه و قاله اتشرفنا يبلدينا انا خالي من أسيوط.,0,no
فيه واحد دمه فار لحقته بسه.,0,no
مرة شيوعي جاب بنت سماها لينا.,0,no
مرة واحد مراته كانت حامل قال لو ولد هسميه مبروك ولو بنت هسميها مبروكة. المهم يوم ما ولدت الدكتور خرج قاله الف مبروك قال يلهوي هأكلهم منين.,0,no
طب مرة واحد حط أيده في حمض هيدرو فلوريك مركز طلعها ملقاهاش، قام دخل راسه يدور عليها.,1,no
فيه خباز اذا جاء يخبز يفصخ ساعته ليه ؟ عشان الدقيق ما يتغزل بالدقيقه.,0,no
مرة سمسار دخل الحمام عمل شخة مفروشة.,1,yes
مرة صيدلانية دخل عليها راجل عجوز اعمي عطته بزازها قالها معندكيش قطرة؟ قالتله بزمتك في قطرة من كدا؟,1,yes
مرة واحد شيعي دخل خناقة ضرب نفسه.,1,no
مرة بخيل دخل النار قالهم انا عايز فلوس الحج بتعتي.,1,no
مرة واحد فتح المصحف لقى سورة النمل و العنكبوت والنحل قام رش المصحف ببيرسول.,1,no
مره واحد اسمه حارث كبر صار سيكيورتي.,0,no
أكو وحده اسمها بتول كبرت صارت بالعرض.,0,no
"أكو وحده اسمها مريوم كبرت صارت ""مر سبوع"".",0,no
اكو واحد اسمه فادي كبر صار مشغول.,0,no
خمسه طلعوا الصحراء مع بعض، ثلاثه تاهو واثنين لكزس.,0,no
واحد بلع سفنجة نشف ريقه.,0,no
 واحد ایده نملت جان يحطلها قاتل حشرات.,0,no
"شنو عکس کلمه تلميذات؟
دونت تیل می ذات.",0,no
مره واحد وكع ب الحب جان تنكسر رجله.,0,no
"ليش الشيوخ يحبون البني؟
لان ""انما الاعمال بالنيات"".",0,no
اكو وحده اسمها هاله حطت كونسيلر جان تختفي.,0,no
ما هو التيار ؟ التيار هو اللي يسوق التياره.,0,no
واحد يغازل لبنانيه قالتله حل عني.. قلها وين الاسئله.,0,no
اكو واحد اسم سعود، كبر صار نزول.,0,no
"مرة بنيه دتسوق سيارة ومشغلة ال GPS
كلها أنحرفي قليلاً نزعت الحجاب.",1,no
"بكتريا سألت بكتريا
كالتلها تسمعين ام جرثوم كالتلها لا..اسمع فيروس.",0,no
"اكو مدرس عربي يقفل الباب من ينام ليش؟
يخاف من النصوص.",0,no
"مرة عمارتين كاعدين ويه موزة سألوها احزري منو اللي ""بانانا"".",0,no
"شنو اكثر شي تخاف منه؟ الحسد
لیش؟ لأن الحسد ملك الغابه.",0,no
اكو وحده اسمها تغريد كبرت صارت تدفئه.,0,no
اكو واحد اسمه فراس کبر صار بطانيه.,0,no
اكو واحد عدموه شنقاً والثاني عدموه غرباً.,1,yes
اكو شيعي وسنيه تزوجو جابو اشعه سينيه.,0,no
اکو عصفور اصلع ليش؟؟؟ حلق في السماء.,0,no
طفل في باص الروضه جالس يغني اذا امي حلوه وابوي حلو اطلع عسل واذا امي فرس وابوي حصان اطلع مهر إذا امي لبوة وابوي اسد أطلع شبل ضحك صاحب الباص وقال له واذا امك حماره وابوك حمار وش تطلع ..؟ قال له الطفل اطلع سواق باص.,1,no
اكو ليمونه انفصلت من شغلها ليش لانو متشتغل بعد العصر.,0,no
يهودي عبر الشارع دعمته سیاره نازیه.,1,yes
واحد ملحد دخل على مطعم ... أكل وما دفع ليش؟ قال ما بأمن بالحساب.,1,yes
" نجّار حاطط تحميلة على أذنه، سأله صاحبه: 'ليش حاطط تحميلة على إذنك؟'
حك النجار رأسه وقال: 'دخلك أنا وين حطيت القلم؟!'",1,no
"واحد عندو 4 دجاجات وديك، جاب ديك تاني حتى يساعده ويكتر البيض.بعد فترة لاحظ إنه البيض اختفى كليًّا، فراح عند الديك الأول وقاله: 'أنا جبت ديك تاني حتى يساعدك...شو القصة؟'
ردّ عليه: 'للصراحة الدّيك اللي جبته أحلى من كل الدجاجات!'",1,no
"معلمة تشرح مبطلات الوضوء ، فقالت مس الذكر يبطل الوضوء فرفعت طالبة يدها و سالت :
مس بالسين او بالصاد؟؟؟ قالت المعلمة : بالسين قالت الطالبة : الحمد لله وضوءنا ما بطل.",1,no
"
رجع جورج قرداحي من السفر ولقى مرته حامل
فقال :من وين هيدا...؟
فقالت :استعنت بصديق.
قال لها :بدي اتشكرك مااستعنتي بالجمهور.",1,no
"لبنانية تسأل سعودي محشش في الشارع:
خيي ..بدي جامع الملك فهد؟
قال المحشش: الملك فهد والله مات بس اذا بدك انا بجامعك.",1,yes
"زوج تهاوش هو وزوجته وراح للقاضي علشان يطلقها وياخذ الولد
قالت زوجته: الولد من حقي جلس ببطني تسعة اشهر
قال الزوج: بالمنطق ياشيخ انت حطيت ريال في ماكينة بيبسي من ياخذ البيبسي",1,no
مره واحده اسمها اسماء خبطتها عربية كل أسم راح في حته.,0,no
واحد اشتري قلمين واحد يكتب بيه والتاني يكتب سي.,0,no
مرة واحدة اسمها أية دخلت كلية هندسة بقا اسمها أية حاسبة.,0,no
واحد بيقول لواحد تاني مش قادر اصوم لحد المغرب، راح التاني قاله صوم لحد ليبيا.,0,no
مره واحد استظرف اتحشر فى صندوق بريد.,0,no
مره واحد كان مدير عام و التاني مدير غرق.,0,no
"مره واحد سوري شاذ فتح مطعم سماه ""هوموز الشام"".",1,yes
واحد صعيدي تعبان عضه فا راح للدكتور الدكتور قاله قدامك ١٠ دقايق وتموت، راح الصعيدي خلى التعبان يعضه تاني وقال للدكتور بقوا تلت ساعة.,1,yes
"واحد شيعي اشترى موبايل، كسره عشان طلع ""سوني"".",1,no
مرة واحد راح يوكل محامي لقاه صايم.,0,no
مرة قنبلة انفجرت في كنتاكي.فيه فراخ ناجتس و فراخ للاسف ما ناجتس .,0,no
ممرضة خلفت توأم سمت واحد وليد والتاني عضل .,0,no
مرة واحد أزهري قال أعوذ بالله من علم لا ينفع فقد الذاكرة.,1,no
"رجل يخاطب حبيبته فقال لها انتي فتاة احلامي.
قالت: لكني لست جميلة لهذة الدرجه.
رد عليها: أدري، مو أني أحلامي كلها زبالة.",1,no
"فلاح اخذته الشرطة ليش؟
لأنه يسوي مشاتل.",0,no
مرة مهندس قفلت معاه وكان يبي يترك شغله. قال لمديره انا مستطيل.,0,no
صيدلاني بنى عمارة ليش؟ عشان يسكن الألم.,0,no
مرة وحدة اسمها حصة يوم كبرت صار اسمها محاضرة.,0,no
مرة واحد بخيل فات على حمام عمومی و ظل عالق شهر لما طلع سألوه ليش طولت قال كان مكتوب ادفع على باب الحمام.,0,no
في واحد رفع قضية طاحت عليه.,0,no
مره واحد محترم بص على الساعه لقاها واحده اتكسف.,0,no
"مره واحد مصري وواحد امريكي وواحد فرنساوي حبوا يبنوا عماره
المصري قال انا عليا الحديد
والامريكي قال وانا هجيب الاسمنت
والفرنساوي قال وانا هجيب الطوب
بعدها باسبوعين العمارة وقعت
الامريكي قال يا خساره الاسمنت اللي حطيته في العماره
الفرنساوي قال يا خساره الطوب اللي حطيته في العماره

المصري قال الحمدلله اني محطتش الحديد.",1,no
حصان شاذ سألوه ايه هوايتك قالهم الرسم وركوب الخيل.,1,yes
"ليه أسرع كمبيوترات في العالم موجودة في فلسطين؟
عشان فيها رام الله.",0,no
"في شيخ كان يخطب جمعه عند اغبياء قال لهم الشيخ: هل تعرفون من تحادث بناتكم على الهاتف
قالوا: لا ياشيخ
قال الحبيب
قالوا: صلى الله عليه وسلم",1,no
واحد ما عمره شاف مكوته وجلده ابوه عليها ويوم راح يشوف اثار الضرب . قال الله يلعنه قسمها نصين.,1,yes
مره واحد حب يموت سمكة غرقها ف الميه.,0,no
"جيش بيحارب والذخيرة بتاعته قربت تخلص راحوا لدكتور نسا ليه؟
عشان يديهم حاجة تزود الطلق.",1,no
عزيزتي المدخنة حافظي على رئتاك وردیتان عشان مش هايبقى سواد فوق وتحت !,1,no
مرة واحد إسمه محمد عمارة حب ينتحر نط من فوق أبوه.,1,no
الدكتور خريج طب اسنان الازهر بيعمل للمريض تقويم هجري.,0,no
دي عايزاني انزل ع ركبتي واطلب ايديها.. مفهاش حاجة الراجل بينزل ع ركبته مرة واحدة الست بتنزل باقي العمر.,1,no
"انا نفسي ابقى شيطانك.
ليه؟
مش لما انتي بتتعصبي الشيطان بيركبك؟",1,yes
"هو انتي كنتي في مدرسة راهبات؟
ليه؟
أصلك رهيبه",0,no
"جد بيقول لأحفاده أيام الإنجليز اللي ما كانش بيتقتل كانو بيقلعوه ويغتصبوه.
قالولو وانت عملت ايه يا جدي؟ قالهم انا قتلوني.",1,yes
عارف ايه الفرق بين حمادة هلال والخمرة ان حمادة هلال إنما الخمرة حرام.,0,no
معلش نسيت اعرفكم على بعض ليوناردو دا فينشي، فينشي دا ليوناردو.,0,no
حمادة هلال بيغير من مصطفى قمر عشان هو كامل.,0,no
مرة فيل اتخانق مع فيل قاله يبن المومث.,1,no
"تعرفي اني لما بشوفك بحب العصور القديمة
- اشمعنا
- اصلي بتخيلك قلعة",1,no
انهارده مدرس الفيزيا سأل اللي قدامي ايه هي وحدة قياس المقاومة فقولت للواد بصوت واطي اوم لقيته قام وقف.,0,no
"هي اللحمة دي مفرومة ؟
اه بس متقولش كدة قدامها
ليه؟
عشان الكلمة دي بتعصجها",0,no
واحد مسيحي اتزحلق ف الكنيسه جاله رباط صليبي.,1,no
واحدة بتسأل جوزها هنسمي ابننا ايه فقالها مالك قالتله مفيش.,0,no
مرة واحده فلات اتمسكت في قضية ابتزاز طلعت براءه.,1,no
بيقولك السمك الصغير بيخاف يعمل اي مصلحه ليطلعله منها قرشين حلوين.,0,no
مرة واحد شغال ف اوبر قال یا رزاق یا كريم اترفد.,0,no
"ليه ذرات الزنك مبتتكلمش ؟؟
علشان هما خارصين.",0,no
مرة واحد مسيحي بيبيع ايسكريم خلف عیل سماه بوله.,0,no
مرة واحد بيقول لواحدة اسمك اية ؟ قالتله وعد قالها مش هقول لحد.,0,no
مرة قاضي جاله أنفلونزا عشان كان في شاهد عيان.,0,no
انا بحب الحيوانات جدا لدرجه اني ف مره ارتبطت بلبوه.,1,no
"وحده تقول لزوجها
ليش عيونك كبار ؟ قال لها لما كنت صغير كنت أبكي كثير لهيك كبرت عيوني
قالت له يا ليتك كنت تبول كثير.",1,no
مرة ميكى ماوس فتح بيت دعارة سماه تزنی لاند.,1,yes
مدرسه سألت تلميذ ان يذكر اسم ثلاث انبياء فقال : النبي عيسى و النبي محمد والنبي بشويش فقالت : الاول والثاني نعرفهم فمن الثالث فقال : لا اعرف ولكني سمعت الماما بتقول لبابا والنبي بشويش.,1,no
وحده بتقول لزوجها بتعرف أن الثور بينيك أكثر من سبعمائة مره في السنه، تقدر إنت تسوي مثله ؟ قال الزوج إسئليه إذا كان ينيك نفس البقرة.,1,yes
واحده شرموطة راحت لرجل دين وقالتله عاوزه اتوب وياريت تقولى على أول خطوات التوبة - قالها أول خطوة تشيلي ايدك من على بتاعي.,1,yes
بيسألها ماما هما الرجاله حاطين إيه في مايوهاتهم؟ قالتله حاطين فلوس. شويه وقالها طيب ليه الراجل ده كل ما يبص عليكي فلوسه تكبر.,1,no
"ولد يسأل أمه : ماما شو يعني ملاك
قالت : مخلوق من نور يطير في السماء
قال لها : سمعت أبي أمس يقول للشغالة يا ملاكي بس ما طارت
قالت له : بتطير اليوم هي وأبوك إن شاء الله ...",1,no
"واحد اشتری خاتم لخطيبته
قالوله اهلها تعال لبسها الخاتم انت.
ضرب على الطاوله وقال يا ريتني جبتلها كلسون .",1,no
"واحد سأل صيدلي  ليش حاطين الفياقرا في قسم مواد التجميل.؟
قال الصيدلي : لأنها تبيض الوجه.",1,yes
"واحد اتصل بمراتو يوم الخميس وقـالها
الليلة انــا تعبان جدا ..قلة الادب هتبقي من الستيانه ولفوق
في الليل رجع لقاها لابسه الستيانه على ركبتها",1,yes
"محشش اهلوا ماتوا اخد حبة فياغرا ليه؟
عاوز حدا يوقف معو.",1,yes
مره واحد غبي ركب سفيه فشاف لافته مكتوب عليه يوجد قروش هنا فخاف ورمي نفسه في البحر.,0,no
مره صيدلانيه أغمى عليها من الخضة عشان شافت فارمسي على الحيطة.,0,no
راجل عجوز سمع حد بيخبط على الباب فقال: مين؟ قاله: أنا حفيدك، رد عليه: هتفيدني بإيه يعني؟؟,0,no
واحد غبي قال لابن عمه: أمريكا طلعت القمر واحنا لازم نطلع الشمس، فرد عليه وقله: بس الشمس حر جدًا، قله: مفيش مشكلة نطلعلها بالليل.,0,no
غبي رمى بهاتفه من النافذة، وعندما نزل وجده مكسور، قال غريبة جدًا مع أني مشغّل وضع الطيران.,0,no
غبي سألوه شو أصعب إشي بالدنيا؟ قالهم إنك تحلق دقنك وأنت تأكل علكة.,0,no
وحدة بتشكي للدكتور بتقله يا دكتور زوجي بيحكي وهو نايم شو الحل؟ قالها بسيطة أعطيه فرصة يحكي وهو صاحي.,1,no
مجنون يأكل في ملعقة طويلة، ليه؟ عشان الدكتور قاله ابعد عن الأكل.,0,no
قال الطبيب للبخيل: خذ من هذا الدواء أربع ملاعق كل يوم، فرد البخيل: لكن يا دكتور لا يوجد عندي إلا ملعقتين فقط! فما العمل؟,0,no
قال المعلم للتلميذ: أعطني جمله مفيدة فيها كلمة سكر؟ التلميذ: شربت الشاي في الصباح، المعلم: وأين كلمة سكر؟ التلميذ: في الشاي يا أستاذ.,0,no
واحد غبي انشقت شحاطته وهو ماشي راح خيطها عند الكندرجي، بعد أسبوع شافها تحسنت قام فك الخياطة.,0,no
فتح لزوجته باب العربية فقالت له: ياه ما أجملك وأنت رومانسي، فقال لها: اتنيلي انزلي الباب مبيفتحش إلا من برة.,1,no
ناظر بيقول للأستاذ هو لي كل التلاميذ عندك بينطقوا الجيم دال؟؟ قاله مش عارف هو دا إلى مدنني.,0,no
واحد قال لأخوه التوأم انت فين من الصبح بخربيتك امك خلتني استحمي مرتين.,0,no
مره واحد كان معاه عربيه قديمه ومش عارف يبيعها فصاحبه قاله حط عليها علامه مرسيدس وهي تتباع علطول فعمل كده وبعد اسبوع صاحبه سأله بعت العربيه ولا لسه فقاله انت أهبل هو ف حد يبيع عربيه مرسيدس.,0,no
مره واحد محشش بيسألوه الناس ايه رأيك في الزواج المبكر قالهم يعني الساعه كام.,0,no
مره واحده اتصلت ع مامتها قالتلها جوزي مزعلني وجايه اقعد عندكم قالتلها متجيش هو محتاج عقاب اكبر فأنا اللي هجيلك اقعد عندكم.,1,no
مره واحد بيسأل باباه اي هي المواد سريعه التبخر قاله راتبي لما تشوفه امك.,1,no
واحد بيسأل واحد صاحبه انت لسه خاطب قاله لا قاله أحسن دي كانت وحشه فرد عليه التاني قاله انا اتجوزتها.,1,no
مره واحد شغال في المرور خلف ولد طلع بيتكلم بلغة الاشارة.,0,no
مره واحده صحيت من النوم مخضوضه اوي جوزها قالها ف إيه قالتله حلمت إني اترملت قالها بعد الشر عنك ي حبيبتي ان شاء الله أنا وانتي لأ.,1,no
مره واحد مسطول اشتري تاكسي كل مالناس تشاورله يفرح أوي ويقول ياه دانا طلعت مشهور أوي.,0,no
مره واحد لقي عياله مشغلين المروحه فضربهم علشان مشغلينها علي ثلاثة وهما اتنين.,0,no
مره واحد قاعد مع عيلته فقال عطشان، فجري اخوه الصغير وجابله مايه. فقاله انت بقيت محترم كده ليه فقاله أخدنا درس انهارده واحد دخل الجنه لأنه سقي كلب.,1,no
مره واحده راحت تغير اسمها من صباح لضحي فالموظف قالها مش مستاهله ده الفرق بينهم نص ساعه بس.,0,no
واحد عازم صحابه على السطح ليه؟ أصدقاء سطحيين.,0,no
واحده صحيت من النوم قالت لجوزها حلمت انك جبتلي سياره وعلمتني السواقه قالها كملي نوم يمكن تعملي حادث بالمره.,1,no
مره واحد ركب مع صاحبه العربيه فكان ماشي علي سرعه ١٨٠ وبياكل ويشرب وبيتكلم ف التليفون فبيسأل صاحبه انت ليه ساكت كده قاله علشان بفكر هيصلو علينا فين.,0,no
الأستاذ: ما تعريف الصخور الراسبة؟ التلميذ:هي التي تذاكر طوال العام ولا تنجح.,0,no
فيه واحد سمى عياله صقر وفهد وأسد وذيب، سألوه الناس عن السبب، قال لهم علشان لما احتاجهم أقولهم في مرة واحدة تعالوا يا حيوانات.,1,no
مرة واحد بخيل جاب تليفون جديد حطه في جيبه اللي ورا، ونسي وقعد على كرسي، راح سامع صوت حاجة بتتكسر، قال يارب يبقي العمود الفقري.,0,no
مرة ميكانيكي فتح مصنع شوكولاتة سماه كلاكسي.,0,no
وحده قصيره راحت تشهد في المحكمه يوم وصلت سألها القاضي أيش أسمك قالت نخله قلها من بدايتها كذب.,0,no
مرة واحد راح للدكتور وقال له: “دكتور، كل ما أشرب شاي أحس بألم في عيني.” الدكتور قال له: “أكيد بتنسى تشيل الملعقة!”,0,no
في مصنع قهوه انفجر قال بن.,0,no
مرة واحد مات باقي الأرقام زعلت عليه.,0,no
مضيفة طيارة بتسأل راكب ... تحب انزل لك عشاء كامل ؟ رد عليها : ليه هو كامل مش حيتعشى؟,0,no
واحد غبى قوى حكموا عليه بالاعدام .. بعد ما علقوه في المشنقه قعد يشاور ويخبط بأيده ورجليه ففكروه عاوز يقول حاجه مهمه .. ففكوه ونزلوه بسرعه ...... فبص لهم وقال : ياجزم كنت هتخنق.,1,yes
انزلقت سيارة تاكسي على منحدر شديد فصاح السائق برعب: لا أستطيع ايقاف السيارة فرد الراكب البخيل أوقف العداد بسرعة.,0,no
مره واحده حامل ابنها الصغير بيسألها : ايه اللي في بطنك ده يا ماما قالتله : ده أخوك يا حبيبي... تاني يوم و هوه في المدرسه المدرس سأله : انت عندك اخوات ؟ قاله : كان عندي واحد بس ماما أكلته.,0,no
بنت حبت تشتغل مع رئيس عصابة،  شغلها في غسيل الأموال.,1,no
مرة مذيع طلع فاصل، نزل مشحون.,0,no
صاحب عربية كشري عطلت منه العربية نزل واداها دقة.,0,no
مرة كيس مكرونة اتخانق مع مراته قالت له وديني أندومي.,0,no
فنجان شاي بيطلق مراتة فنجانة الشاي قالت له طب والتفل اللى في بطني.,0,no
نكتة ماشية في الشارع تعيط سألوها مالك قالت لهم واحد ضحك عليا.,0,no
مرة ممثل كبير جاله دور برد رفضه.,0,no
لمبة طلبت خدمة من لمبة قالتلها من نيوني.,0,no
مرة واحد خبط واحد بخيل راح قاله ما تحاسب البخيل طلع يجري.,0,no
مرّه واحد راح يقابل خطيبته أخذ معاه ملعقه ليش؟ علشان يحرك مشاعرها.,0,no
مرة في واحد مسطول راح على البحرين أخذ معاه مايوهين.,0,no
مره بنت اسمها ورده ابوها صحي من النوم ملقهاش قال الحقوني بنتي اتقطفت.,0,no
خمسة دخلوا كلية هندسة ثلاثة طلعوا مهندسين والاثنين الباقيين طلعوا المعادي.,0,no
مرة واحد كان عايز يفكر بعمق قعد في حفرة.,0,no
"واحد بيعمل تحليل دم
قاله الدكتور؛ أنت عندك سكر في الدم،
رد المريض؛ الله يكرمك يا دكتور والله أنت إللي زي العسل.",0,no
بيقولك مره عنكبوت خد فياجرا عمل سجادة.,1,yes
مرة فرخة راحت عزا قالت البكاك لله.,0,no
مره واحد شاف بنت عندها حسنه فوق عينها قالها ديه عين ولا غين.,0,no
مره فرخه كانت ماشيه اتمسكت ف كمين عشان معهاش اوراك.,0,no
"عارفين ليه حاطين صورة تعبان ع الصيداليه
عشان كل اللي بيروحوها تعبانين.",0,no
مرة واحد عطشان رواه مسلم.,0,no
واحد اندعس وهربت السيارة اجو العالم اجتمعو سألوه: اخدت النمرة؟ جاوب: لا مثبتها منيح ما قدرت.,0,no
وحدة بتسأل جوزها: اذا صار معك مصاري كثير، رح تتغير؟! قالها لا طبعاً.. أنتي اللي رح تتغيري.,1,no
"فيه لاعب نزل للملعب بالبطانيه .. لية ؟
علشان يغطي فريقه.",0,no
"سألوا محشش: أول حيوان أنخلق عالارض..؟
قال لهم : الحمار الوحشي ! سألوه .. ليش؟؟ قال : لأن لونه اسود وأبيض ..",0,no
مره عارضة ازياء معرفتش تنام من صيحات الموضة.,0,no
مره خياط اتجوز خياطه حددوا فرحهم القميص الجاي.,0,no
مره فضائين حبوا يشربوا شاى راحوا كوكب نبتون.,0,no
"محشش سألوه وش الفرق بين الصيني والكوري؟!! 
قال مثل الفرق بين الكزبره والبقدونس.",1,no
مرة واحد راح للبقال قاله عندك سكر؟ قاله اه. قاله ربنا يشفيك.,0,no
مرة اتنين نازليين مع بعض، واحد لابس حزام ناسف والتاني لابس حزام مبلول.,1,yes
مرة واحد اكل رز معمر ضرب في بقه.,0,no
واحد ندل جدا وهوا بيموت وصى أولاده يبقو اندل منه . جه ينطق الشهاده ابنه الكبير حط ايده على بقه.,1,yes
مرة واحد غبى عرف ان الشيطان شاطر راح ذاكر معاه.,0,no
اتنين مدرسين رياضيات ماتو و اتدفنو في نفس الجبر .,0,no
مره بحار جاله صداع خدله قرصان بنادول.,0,no
مره سمكه عطست ف قالت للسمكه اللي جمبيها معكيش قنديل.,0,no
كنت اشعر بالوحدة ، وبعد مرور 15دقيقة ، اصبحت اشعر بالوحدة وربع.,0,no
مره فكهاني دخل امتحان قال ل صحابه أناناسي كل حاجه.,0,no
ﻣﺪﺭﺱ ﺟﻐﺮﺍﻓﻴﺎ ﺟﺎﺏ ﻟﻤﺮﺍﺗﻪ ﻓﻲﻋﻴﺪ ﻣﻴﻼﺩﻫﺎ ﺳﻠﺴﻠﺔ ﺟﺒﺎﻝ.,0,no
مره محامي اشتغل مكوجي علشان يطبق القانون.,0,no
مره نقاش اتخانق مع مراته هددها ب الطلاء.,0,no
مرة خروف تاجر في المخدرات البوليس عمل عليه كبسة.,1,yes
مرة خروف بطنه وجعته راح عامل غسيل معزة.,0,no
ليه السمك بيخاف من اتصالات؟ عشان اقوى شبكة في مصر.,0,no
مصري راح الكويت، راح يشتري ولاعة فبيقول الراجل دي بكام؟ قال له دينار. قال له انا عارف ان هي نار بكام بقى؟,0,no
مرة جواهيرجي حابب يغير النشاط عمل سلسلة مطاعم.,0,no
الشيخ واقف في المطبخ بيقلي بطاطس فرمى البطاطس في الزيت وقال استوو.,0,no
مرة واحد ملحد حب يتعلم لغة جديدة.. اتعلم اللغة اللاتينية.,0,no
مرة حمار راح يتقدم لحمارة ابوها رفصو.,0,no
راجل بيقول لواحد تاني: يا حج. قال له لأ انا محجتش. قال له يا شيخ. قال له مشخيتش.,1,yes
مرة عدسة محدبة قلعت الحداب.,0,no
لمونة سابت حبيبها. قال لها ايه ده. قالتله انا اسفة، اعصرني مش هينفع نكمل مع بعض.,0,no
مرة شيطان فتح فرن سماه الخبز والخبائز.,1,yes
اب بيزعق لابنه بيقول له المدرس طردك من المدرسة ليه؟ قاله يا بابا هو سألني اتنين زي التلاتة كام؟ قلت له خمسة. بعدها رح سألني تاني اتنين زي التلاتة كام؟ راح الاب قال ما هي هي يا روح امك. قاله ابنه ايوة ما انا قلت له كده. ,1,yes
مين إله البساطة عند الفراعنة. أبو سيمبل.,0,no
مرة واحدة شتمت واحد اسمه امير زعل عشان الشتيمة لزقت.,0,no
عروسة باربي اتحرقت بقت باربي كيو.,0,no
مرة واحدة اسمها همسة راحت لصاحبتها بقوا ستة.,0,no
بيقول لك مرة جندي امريكي اقتحم سوبر ماركت قال له عندك اسير انجليزي؟ قال له لا والله.. عندي اسير موز واسير مانجا.,0,no
نكتة ماشية في الشارع وتعيط سألوها بتعيطي ليه؟ قالتلهم واحد ضحك علية.,0,no
مدرس سأل تلميذ ايه أكتر بلد بتحبها التلميذ قال له تشيكو سلوفاكيا قال له طب قوم اكتبها. قال له بهزر معاك يا عم بحب مصر.,0,no
مرة سلحفاء دخلت مطعم وطلبت رز. قام الجرسون شالها ورمها برا رجعت له بعد شهر قالت له طب ما تزوقش بس.,0,no
اتنين مساطيل واحد منهم بيقول التاني امبارح انا حلمت ان انا رحت فرنسا. التاني قال له وانا حلمت ان انا باتجوز امبارح. راح رد عليه وقاله ليه ما عزمتنيش. قال له يا عم انا سألت عليك قالوا لي انك انت رحت فرنسا.,0,no
واحد واخد باب بيتهم ونازل بيه وماشي بيه في الشارع. فجاره قال له إيه يا ابني إنت واخد باب بيتك ورايح فين؟ قال له رايح للنجار يصلحه. قال له طيب وأنت مش خايف حد يخش يسرق بيتكو؟ قال له لأ ما أنا واخد الباب معايا هيدخل منين؟,0,no
واحد بيعاكس واحدة قال لها ممكن اشوف ايديك واديلك عشرة جنيه؟ قالت له طب ممكن اوريك باخد الحقنة فين وتديني ١٠٠ جنيه؟ قال لها ماشي. راحت واخداه الصيدلية.,1,no
واحدة عجوزة اتهموها في جريمة قتل. فقالت لا ما قتلتهوش. الظابط قال هي كل المواصفات بتاعت القاتل بتنطبق عليكي، انت جميلة جذابة ورشيقة. قالت له والله ما كنتش عايزه اقتلوه اصلا.,0,no
محشش ماشي في الشارع وتليفونه تسرق. فراح وبلغ الشرطة. الشرطة قالت له احنا هنجيبه لك من تحت الارض. و هو راجع لقى عند البيت قدامه في حفر كده وناس شغالين. قال لهم شدوا حيلكوا يا رجاله ده جالكسي اسود.,0,no
مرة صقر شرب خمرة بقى صقران.,1,yes
قرد وقع من عالشجرة كان بين الحياة والموز.,0,no
بطة كل يوم بتروح للبقال تقول له عندك سكر؟ يقول لها لا. وبعدين تاني يوم تجي له. تقول له عندك سكر؟ يقول لها لا. في الاخر اخر مزهق منها قال لها بصي لو جيتي تاني هنا انا همسك مسمار وهضرب في رجلك عشان تحرمي تيجي هنا تاني. فراحت قالت له ماشي. جات له تاني يوم. قالت له عندك مسامير؟ قال لها لا. قالت له طب عندك سكر؟,0,no
مرة ميكانيكي جاع اكل قطع خيار.,0,no
سألوا محشش قناة السويس ليه سميت بهذا الاسم. قال له عشان السفن فيها بتمشي بسويس.,0,no
مرة اوتوبيس بيلف الصينية، وقع الكبايات.,0,no
 دكتور قلب طالع معاش وبيعملوله حفلة التوديع فعملوله كيكة على شكل قلب كبير، فلاقوا واحد تاني عمال يعيط على جمب. فقالوله مالك؟ قال انا دكتور بواسير وطالع معاش الاسبوع الجاي.,1,no
مرة واحد جاب شعره على جنب عشان عايزه في موضوع.,0,no
بيقول لك اتنين قاعدين في فرح. فواحد بيقول لي جنبه العروسة دي وحشة قوي صح ولا ايه؟ قال له عيب طبعا الكلام اللي انت بتقوله ده. العروسة دي بنتي. قال له انا اسف ما كنتش عارف انك ابوها. قال له ابوها في عينك انا امها.,1,yes
ليه الكيبورد هيخش الجنة؟ عشان عنده زرار تاب.,0,no
مزارع دايما يزرع الشجر بعيدين عن بعض ليش؟ عشان ما يتشاجرون.,0,no
"لماذا عندما يكون القارب غارقا يصيحون ""النساء و الأطفال أولا"" ؟
لأنه بعدها لا تبقى هناك أسماك جائعة.",1,no
في ياباني اسمه تمادا يوم كبر وقفوه عند حده.,0,no
واحد خليجي دخل يحلق عند حلاق طلع أقرع ليش؟ عشان كل ما الحلاق يقله: كويس كدا؟ الخليجي يرد عليه: والله ما قصّرت.,0,no
يقول الرجل لزوجته ان قلب المرأة مثل المانجو، لا يتسع الا لبذرة واحدة. انما قلب الرجل مثل البطيخ.,0,no
زوجة تقول لزوجها: أنا شاكة انك بتخوني. رد عليها: فيه ايه النهاردة انتي رابع واحدة تشك فيا.,1,yes
سأل احدهم امرأة : من هو كاتبك المفضل أجابت : زوجي قال لها : وماذا يكتب. أجابت : شيكات.,0,no
"إمرأة سألت جارتها ..
ماهو السبب في نعومة وجهك؟! فقالت لها : انا استخدم سائل ربيع.
 فقالت جارتها : واين يباع سائل ربيع ؟!
فقالت الجارة : لا ربيع هو زوجي !!",1,no
بيقولك باتمان راح يتعشى في مطعم في الصين مرجعش تاني.,1,no
مرة مدرس جيولوجيا هرش في شعره نزل قشرة ارضية.,0,no
اتنين شواذ وواحد بيسأل التاني بيقوله هسألك سؤال لو جاوبته صح هخليك تنيكني ولو جاوبت غلط انا اللي هنيكك قاله ماشي.. فسأله 2+2 يساوي كام ؟ قاله 5,1,yes
ايش تسمي مكسيكي بدون سيارة؟ كارلوس.,0,no
"
فيه طبيب اسنان - جاله مريض
قاله متزوج؟
قال لثة.",0,no
مرا زنجي كان في مدرسة ليلية اتاخد كل ايام غياب,1,yes
مرا واحد راح للدكتور وقاله يدكتور ان كل ما اطرطر اطرطر بيبسي وقاله خد دوق كدا فالدكتور خد داق شويه في كوبايه قاله تصدق دا بيبسي بجد. فالمهم كان في واحده قاعده فالدكتور بيقولها تخدي تدوقي يمدام قالتله لا انا بشرب من الازازه علطول.,1,yes
مره واحد راح للعطار قاله عايز ب اتنين جنيه زبيب كل زب لوحده.,1,yes
سباك ضرب مراته عملها كسر في الحوض.,1,yes
"واحدة نكدية بتقول لجوزها: يا ريتنى كنت اتجوزت ابليس ولا اتجوزتك
قالها: شرعا لا يجوز الأخ يتجوز اخته.",1,yes
مرة كان في واحد مخنوق و قال لصحبو تعالى ننزل، قام صحبو خدو المقابر. فا الواد المخنوق قالو ايه دا يا عم قام صحبو قال يسطى دا في ناس بتموت عشان تيجي هنا.,0,no
مرة تلاتة اسمهم طارق قعدوا مع بعض عملوا جلسة طوارئ.,0,no
مسطول أتجوز صينية قالتله مالك ساكت ليه؟ قالها مش عارف افتكرتك نايمه.,1,no
مره كهربجي زوجته حامل جابلها مولد.,0,no
"مره اتنين توأم بيرضعوا
واحد اتخنق من التاني. قال يحطله سم على الصدر الي بيرضع منه.
ناموا صحيوا لقوا ابوهم ميت.",1,yes
سألوا واحد محشش: مين أهم الشمس ولا القمر؟ رد القمر طبعًا، بيطلع ينور لنا بالليل والدنيا ظلمة، إنما الشمس بتطلع بالنهار والدنيا نور أصلًا.,0,no
مره قطر خرج بره المحطه. قالوله رايح فين؟ قالهم اقابل القطره عند الصيدليه.,0,no
مرة مدرس كيمياء خلف ولدين سمي واحد حمدي والتاني قلوي.,0,no
عارف الشواذ لما بيروحوا مشوار بيركبوا اي ؟ بيركبوا كريم.,1,yes
واحدة بتسأل جوزها بتقله ايه بينك وبين ربنا عشان يرزقك بواحدة زيي كدة؟ قالها كنت تارك للصلاة. ,1,no
مرة واحد راح بعيد.. رجع برمضان.,0,no
مرة واحد اناني عبوه مي.,0,no
"مرة ثلاث راكبين عربية ففجأة العربية وقفت فواحد قال للتانى : "" انزل شوف العربية مالها فنزل مطلعش فنزل التاني يشوفه مطلعش فنزل الثالث قال لهم : "" فيه إيه ؟؟"" فقالوا له : ""هسسسسس العجلة نايمة.",0,no
مدرس رياضيات اتجوز مدرسة رياضيات خلفوا ولد شبه منحرف.,0,no
ذهب رجل إلى البحر فوجد فتاة تغرق وتطلب النجدة ... فقال لها : اعطيني يديك فقالت اطلبها من أبي .,0,no
" واحد اهبل مراته ولدت بعد شهر من الجواز سألوه ازاي؟
قال یا نهار اسود على الحسد يا ناس.",1,no
"واحد بیدفن رقاصة ومش عارف شو يكتب على قبرها .. وبعد تفكير عمیق کتب
""وأخيراً نامت لحالها"".",1,yes
"ليش المتزوج دائما أسمن من العزابي ؟
العزابي، يروح للثلاجة ما يعجبه شي، يرجع على غرفة النوم!
المتزوج يروح على غرفة النوم ما يعجبه شي، يرجع على الثلاجة.",1,no
ليش اللمبة ما بتتجوز من عمود الكهربا لانو ابن شوارع.,0,no
"مرة 20 شيكل متحجبة, ليش ؟ طالعة من البنك الاسلامي.",0,no
ليش الملكه بلقيس هي بلقيس  لي مو بالكرتونه.,0,no
قال شاعر.. الذي قتلني بالسيف.. سأقتله بالربيع.,0,no
مرة بلون .. سمع نكته ... فقع من الضحك.,0,no
"مره واحد فلاح كل ما يزرع شجره زيتون بحط حولها سور ليش
علشان يكون الزيتون معصور",0,no
مرا واحد اكل موزه تزحلقت معدتو.,0,no
مرا في شيخ اندعس تعببى الشارع حسنات.,1,yes
"ختيار راح ع البنك بدو يفتح حساب سألته
الموظفة : راس مالك كبير يا حج ؟
 قال: والله ما بعرف بس لما كنت احطه بالمرحومة كانت تعظ المخدة.",1,no
مرة واحد قعد على شوال بصل.. طيزه دمعت.,1,yes
مرة واحد سافر الكويت. لقى الاسامى بوحمد ، و بو فهد، و بو محمد ، و بو فراس ، راح سمى نفسه( بوكيمون ).,0,no
محشش سأل وحدة اسمك ايه؟ اجابت : أسماء. فقال: يعني ما فيش اسم محدد,0,no
مرة واحد صعيدي عرف ان الجلد موضة مشى عريان,1,yes
وحدة تقول لحبيبها أهلى مسافرين والبيت فاضى قالها أقرئى قرآن ومتخافيش,1,no
مجموعة صعايده ماتوا غرقانين فى غواصة وبعد التحقيق فى الحادث اكتشفوا ان واحد منهم سمع خبط بره راح فاتح الباب يشوف مين.,1,yes
في غبي شاف نافورة جاب لها سباك.,0,no
ما هو وجه الشبه بين الملح والحريم؟ كلهم يرفعون الضغط.,1,no
مرة واحد دخل حمام أفرنجي أخذ معاه مترجم.,0,no
مرة واحد ميكانيكى دخل فرح نقط زيت,0,no
فيه محشش كل ماشاف البرق ابتسم ليش؟ يحسب ان احد يصوره,0,no
مرة إتنين مساطيل واحد بيقول الثاني هما القدماء المصرين بنو الهرم في اداية. قالو 50 سنة. قالو يا لية؟ قالو اصل كل ما يرصوا حجرين الحكومة تكبس عليهم,0,no
واحد سافر امريكا. وبعد سنتين اتصل بأبوه وقال له انا اتجوزت وجاني ايدز. ابوه إضايق قوى وقال له. ليه ما سميتوش على اسم جدك,1,yes
نذل اتصل على برنامج أغانى ، و طلب اغنية بابا فين ، و اهداها لكل أيتام العالم,1,no
بلدياتنا تاجروا في الموز خسروا علشان بيرمو الموز المعوج,0,no
في واحد مهاجر عأمريكا وشايل معه شوال سكر صاحبه سأله ليه شايل معاك سكر قال له عشان الغربه مره.,0,no
في دكتور عيون شاف اشارة المرور حمراء نزل حط لها قطرة,0,no
في واحد يخاف كثير لما ينام يحط الساعة في الدولاب ويقفل عليها ليش. خايف تلدغة عقاربها.,0,no
فى يوم غبى صغير قالت له امه:اذهب اشتري سبانخ من السوق فراح السوق ورجع بدون ما يشترى السبانخ فسالته امه: اين السبانخ قال لها ان السماء تمطر والسبانخ فيها حديد فخفت عليها من الصدا,0,no
تزوجت ابنتهم الوحيدة من طبيب جراح ولما مرض ابوها وقبل دخوله غرفة العمليات طلب أن يتكلم مع زوج ابنته الطبيب الجراح. فقال له جملة كان لها أثرا عظيما في نجاح العملية. الا وهي: لا تنس أنه إذا حصل لي مكروه بسبب العملية، فحماتك سوف تأتي للعيش معكم فكانت من أنجح العمليات,1,no
وهي تدلك رأسه برفق حتى تخفف عنه الصداع سألته زوجته: انت قبل الزواج مين اللي كان بيعمل لك مساج على راسك؟ قال لها: قبل الزواج راسي ماكان يعورني.,1,no
وحده تقول زوجي تقدم لي ٥ مرات وكل مره ابوي يرفضه واخر شي مل ووافق عليه والحين متزوجين من خمس سنوات وكل يوم يقولي ابوكي كان يدور مصلحتي,1,no
الاب يسأل ابويه بصفتك رجل قانون لماذا الزوجه مجبره على اعداد الطعام لزوجها الاب رد عليه لان اتفاقيه جنيف تنص علي إطعام الأسير,1,no
محشش مسكوه مجموعة مجرمين قالوا له الحين انت معنا واختر لك اسم. قال: برتقال قالوا مايصير لازم تختار لك كنية. مثل ابو البراء، ابو مصعب، ابو القعقاع قال: أبو صرة,0,no
القاضي: ما سبب الطلاق الزوجة: انا ابي اسمي بنتنا (مايا) وزوجي معترض القاضي للزوج: لماذا انت معترض؟ الزوج: حضرة القاضي انا اسمي (خليفة),1,no
سالت زوجها: وين كنت البارحة؟ قال لها: لا تخافي انا رجل اخاف الله ولا افعل الحرام قالت له: أدري. انا خايفة من الحلال,1,no
واحد يسأل صديقه كيف الزواج معاك الصديق والله ياخوي الزواج مثل الكرونا أول ١٤ يوما ماتحس بالاعراض بعدها تحس باختناق وضيق تنفس ووجع بالراس,1,no
محشش شاف جده ياكل جيلي. جلس يضحك قال جده: ليش تضحك؟ قال المحشش: انت ترجف والجيلي يرجف جننتوا ام الملعقة,1,no
قالت له تحسب نفسك مضاد حيوي ترد علي بعد ٨ ساعات؟ قال لها وأنتي تحسبيني طورائ فاضي لك ٢٤ ساعه؟,0,no
اذا شفت صديقك مع زوجته في السوق سلم عليه وقل له: انت كل يوم مع وحده؟ واذا تبغى تشوف الاكشن مباشر، قل له: اللي معك امس احلى,1,no
اسباني سافر الصين واتصل لزوجته قلها اكلمك من الصين؟ ايش توصيني فيه قالتله انتبه لنفسك لأنهم بيأكلوا الكلاب ...,1,no
سألو واحد: ما هي أعلى قمّة وصلت اليها في حياتك؟ قال: هي قمة الإفلاس,0,no
لقيت وحده كاتبه كل الرجال حمير سئلتها: ابوك اي نوع الرصاصي او المخطط,1,no
إختفت زوجته فذهب وبلغ الشرطه فقالوا له: عليك أن تتوقع الأسوء. فقال: يعني يمكن ترجع,1,no
قال لها: أحترمك جداً لأنك مُحجبة. فنزعت حجابها وقالت: لا أريد إحتراماً مبنياً على قطعة قماش فحجاب المرأة عقلها واخلاقها… فقال لها: احترمك جداً لأنك ترتدين ملابس,1,no
ضابط التحقيق يقول للزوج انت شفت بعينك الحرامي وهو يخنق زوجتك بالحبل لحد ما ماتت؟ ايه نعم طال عمرك هذا إللي حصل وشفته بعيوني. الضابط: ويوم انك شايفه بعيونك ليش ماتدخلت؟ قال: طال عمرك كنت ناوي أتدخل بس لقيته يقدر عليها بروحه قلت ماله داعي اتدخل,1,yes
الطبيب النفسي يقول: عندما يحين موعد النوم ضع جميع المشاكل خارج المنزل و نام بهدوء رد عليه واحد: بس يا دكتور معقول اخلي زوجتي تنام بالشارع,1,no
شب رفضت الشركة توظيفه لأنه اعزب فقال انتو ليش ما بتوظفوا غير المتزوجين؟ جاوبوه: اولاً لأنهم يكونوا متعودين على البهدلة ثانيا: لأنهم ما يحبوا يرجعوا ع البيت بكير,1,no
وحدة تقول لزوجها لو انت كسبت مليون دولار وبنفس اليوم خطفوني وطلبو فدية مليون دولار وش بتسوي؟ قال: معقوله يضرب معي الحظ مرتين,1,no
رجل قال لـ زوجته لو خيروك بين العقل والفلوس وش تختاري؟ قالت: الفلوس قال: انا اختار العقل قالت: كل واحد يختار اللي ناقصه.,1,no
واحد دخل صيدلية قله عندك شريط بنادول؟ قله أه قله شغله خلينا نسمعه,0,no
مره واحد جالس مع صاحبته. سألها انتي اي برج؟ قالتله انا برج العذراء. قلها شو رأيك تتطلعي معي و اسويه الحمل,1,no
اليوم قرأت برجي. قال: تنتظرك أيام رخا وانا بقول يارب ما يكون في خربطة بالحروف,1,no
سألوا خبير بتحب الستات ولا السبعات؟ قالهم الستات لما تعمل سبعات!,1,no
محشش راح يخطب قال لابو البنت بدي ايد بنتكك قاله ابو البنت الصغيره ولا الكبيره قاله المحشش ليش عندها ايد اطول من الثانيه,0,no
كلب شوارع مر من جنب قسم شرطة شاف كلب بوليسي قال: آخ لو كملت تعليمي,0,no
محشش يكره مدرس الرسم. قاله المدرس: ارسم حمار قال المحشش: طيب لا تتحرك.,1,no
محشش سألوه وش فايدة الخمر؟ قال: يقوي النظر قالوا: كيف يقوي النظر! قال: تشوف الواحد إثنين,1,yes
مرة وحدة اسمها نسرين اندعست راح كل نسر بجهة.,0,no
مرة بياع خضرة حضر فيلم رعب مات من الخوخ.,0,no
وحدة اسمها لورا بس كبرت صارت لقدام.,0,no
واحد ما يعرف يسبح رموه اصدقاه في البحر لكنه لم يغرق. ليش؟ لانه لوح,0,no
واحد نفسه مسدودة ذهب للسمكري,0,no
مسطل شاف اشارة ممنوع الوقوف انبطح,0,no
في محشش وقفه العسكري في إشارة المرور وقاله ليش مو رابط الحزام؟ قال: لأني أصلاً مو لابس بنطلون.,0,no
فيه واحد يمشي وينقط مويه ليه؟ اسمه حنفي,0,no
ما هو الفرق بين الكمبيوتر والحفرة؟ الكمبيوتر حاسب آلي والحفرة حاسب تقع,0,no
في واحد انكسر حوضه ركبوله مغسلة,0,no
واحد طايحه كل سنونه ألا الأنياب قدم على وظيفه عينوه خرامه,0,no
شلة دخلت على المطعم تزغرد ليش؟ عشان بدهم يطلبوا عرايس,0,no
واحد باله طويل أرسله للخياط يقصره,0,no
فيه سياره مهي راضيه تشتغل ليش؟ تبي تكمل دراستها,0,no
مرة واحد كان محكوم عليه 20 سنة سجن طلع بعد عشرة ليش؟ اخذ صيفي,0,no
مره واحد اسمه زعتر تزوج وحده اسمها زيت خلفوا بنت سموها منقوشة,0,no
جرادة معها عمى الوان أكلت الأحمر واليابس,0,no
سيارة إسعاف رايحه المخبز ليش؟ لأنه في خبزه انحرقت,0,no
واحد تبرع بالدم صار دمه خفيف,0,no
فيه واحد دخل قاعة الامتحان ومعه ملعقه ليه علشان يقلب بها أفكاره,0,no
عجوز راحت للمقبرة ليش؟ تبي تشتري قطع غيار,0,no
مرة واحد غبي بتكلم أمام المروحة ليش؟ عشان يتكلم عالهواء مباشرة,0,no
مرّه واحد راح يقابل خطيبته اخذ معاه ملعقه ليش؟ علشان يحرك مشاعرها,0,no
مره واحد بلع سكينه أنجرحت مشاعره,0,no
أغبياء سوو مندي و تعشوا نواشف ليه؟ ضيعوا الحفرة,0,no
واحد ألقى كلمة فلق راس اللي جنبه,0,no
ثعبان نظره ضعيف يوم ما حب واحده. طلعت خرطوم,0,no
واحد ندل فتح مصنع بيبسي كتب على كل علبة: رج جيدا قبل الفتح,0,no
مرة طفل صعيدى شاف ام زنجية بترضع ابنها. فقال لأمه يا بخته فردت: ليه؟ قالها عشان بيرضع شيكولاتة.,1,yes
ولد بيقول لابوه عايز 2 جنيه علشان رايح عند محمدين فقال الاب تاخد جنيه وتروح عند محمد.,0,no
مرة ولد صغير راح لجارته وطلب منها انها توريه لسانها فسالته ليه؟ فقالها عشان ماما بتقول ان لسانك زي العقربة.,1,no
مرة دكتورة أسنان بتخلع جوزها فالمحامى بيقولها نخلعه قالت لا نحشيه,0,no
واحد غبى راح لواحد بياع تيليفزيونات بيسأله عندك تليفزيونات ملونة البياع قال له ايوه راح قايله ادينى واحد أخضر,0,no
واحد عنده بيتين. واحد ساكن فيه والثاني احتياط. تعرفو ليه!!؟ علشان اذا حد قال له يخرب بيتك يروح يسكن في البيت الثاني,0,no
واحدة بتقول لزوجها لو ما كنتش رضيت اتزوجك كانت حياتك بقت فاضيه قالها: ايوه بس محفظتي كانت حتبقي مليانه,1,no
مرة مدرس فيزياء اتخانق مع واحد طلع دينامو,1,no
مرة واحد رفيع استلف فلوس بقا بدين,0,no
مرة كنت رايح مشوار بالعربية مع واحد صاحبي فبقوله جعان راح وكلني مطبين,0,no
مرة كبابجي خلف عيلين سما الاول عمار والتاني ع الفحم,0,no
واحدة صيدلانية اتخانقت مع صاحبها قالتله اتفو عليك تلات مرات في اليوم لمدة أسبوع.,0,no
واحد صعيدي قال لبنته هاتيلنا فيلم جابتله العار راح قتلها,1,yes
سميتوا ابنكم ايه يا جرجس؟ سميناه مينا... ايه ايه واكا واكا ايه ايه,0,no
واحد يزور خويه بمستشفى قله سلامات رد: الله يرحمه,0,no
في مره وحش اكل تونه صار وحشتونا,0,no
عجوز دخلت محل يبيع أعضاء ذكرية صناعية أخذت لفة بالمحل انبسطت ثم سألت البياع: لو سمحت بكم الاحمر اللي فوق؟ قال: ياخالة هذي طفاية حريق!!,1,yes
واحد بليلة دخلتو مرتو عم تقول دخيلك أنا خايفة ومو متعودة أنا لسا بنت ومو مجربة قال خلص رح حط كوندوم قالتلو لا دير بالك أنا بتحسس منو,1,yes
طفل صغير قال لا امه ليش يا ماما انا ماعندي اخوان قالت لانك ماترقد من بدري,1,no
لا تتعلق بأحد، فالناس ليسوا أشجارًا.,0,no
واحد باع ابنو ليش؟ لأنو الضنا غالي,0,no
مره فرشايه اتخانقت مع فرشايه قالتلا استني انا بفرشيكي,0,no
فيه حكم طلق زوجته أعطاها كرت أحمر,0,no
مرة حداد تحمم صدا,0,no
فيه نذل عينوه مدير للجمعيه الخيريه للمعاقين أول يوم حط سباق قفز الحواجز,1,yes
في بقرة دخلت السجن ليش؟ شافوها تأكل حشيش,1,yes
واحد سمع إنه الجزر مفيد للنظر قام جاب جزرة وقعد يطلع عليها,0,no
محشش مسكوه يزور فلوس لقوه مزور فئة 60 ريال,0,no
محشش يصبغ جدار قاله واحد حط تحتك جريده قال: لا عادي اطول,0,no
فراش قال حق مارد المصباح أبي فلوس واجد قاله المارد: تنكت روح جيب شاي,0,no
خبل مشترك في مسابقة أسرع رسمة رسم نقطة وقال: هذا فيل جاي من بعيد,0,no
حرامي نذل دخل على بيت يبي يسرق لقى عجوز بردانه شغل عليها المكيف,0,no
محشش اتصل على مطعم قال عندكم عشاء؟ قالو ايه قال: ليش ماعزمتونا,0,no
في واحد اشترى عطر جورج قرداحي رش منه رشة طلع له سؤال,0,no
كسلان داخل الاختبار وقع منه القلم سلم الورقه,0,no
واحد بخيل مبلط بيته كله رخام ليه؟ عشان إذا وقع القرش يسمعه,0,no
محشش مسكوه الشرطة وقالوا له ليش عيونك حمر؟ قال: شارب فيمتو وانا منسدح,0,no
اتنين مجانين ركبوا موتوسيكل فصاروا يتقاتلوا مين يقعد جنب الشباك,0,no
واحد احول يبي يدهن بيتهم دهن بيت جارهم,0,no
أحول طلع للبر فرش الفرشه وجلس جنبها,0,no
دفتر بتمشى في الشارع ليش؟ فاضي,0,no
واحد قال لأبوه: يبه رخصتي انتهت. قال له أبوه: من كثر دورانك في الشوارع,0,no
طالب غبي حطوه بالصف لحاله جاب الثاني,0,no
في واحد ضاق خلقه لبسه لاخوه الصغير,0,no
فيه فار طموحه في المستقبل يكون ماوس كمبيوتر,0,no
في فريق كره قدم للنمل كان معهم صرصور ليش؟ لاعب اجنبي,0,no
مرة واحد ضرب الرقم القياسى فى الجري الرقم القياسى رفع عليه قضيه,0,no
مرة واحد بيكره نفسه وقع فى حفرة قال: أحسن,0,no
كيس طاير بالهواء ليش؟ هارب من البلدية,0,no
في عجوز عمرها خمس سنوات ليش؟ فاصله عداد المسافات,0,no
محشش ماسك ثلجة يقول: أموت وأعرف من أي خرم تنقط هذي,0,no
في عجوز قاعده تصفر ليش؟ تعدت ال120,0,no
واحد يحب الجوال جاب مولوده سماها شريحه,0,no
محشش مسكته دوريه قالوا له اركب قال: لا والله البيت قريب,0,no
في قسم الولادة وضعت سيدة خمسة اطفال مرة واحدة ولما جاء زوجها مستفسرا قالت له الممرضة لقد رزقت ببنتين وثلاثة اولاد قال الزوج: انا مخطىء لانني تزوجت ابنة تاجر الجملة,0,no
مرة واحدة وحشة بتقول لجوزها عمرك مقلتلى كلمة تهزنى قالها: زلزال,0,no
فيه واحد بخيل يبغون يعذبونه شقوا ريال قدامه.,0,no
في خروف يرتعش ليش؟ عشان قرب عيد الأضحى.,0,no
فيه واحد نام متأخر. فاته الحلم.,0,no
واحد بخيل اشترى آلة حاسبة وحذف الصفر منها حتى لا يتكلم أولاده بها مكالمات دولية.,0,no
الأستاذ: ما الذي يسبب نزول العرق وزيادة ضربات القلب؟ الطالب: أسئلتك يا أستاذ.,0,no
فيه واحد دخل الملعب ومعاه سكين.. ليش؟ عشان يقطع الكوره.,0,no
رجال مباحث المخدرات يطاردون امرأة؟ لماذا؟ لأن اسمها شمة.,1,yes
في غبية فتحت جواز زوجها شافت مكتوب فيه رجل أعمال مسحتها وكتبت رجل فاطمة,0,no
غبي مرآته جابت توأم قتلها ليش؟ قال: الأول أبني والثاني أبن ميين,1,yes
في واحد نايم و فاتح عينه ليش؟ عشان يشوف الحلم.,0,no
عنز شافت تيس يصيح، قال لها: بيذبحوني. قالت: بعيد الشر، رد قال لها: لا بعيد الأضحى.,0,no
عمارة بتسقط ليش؟ لأنها تعبت من الوقوف.,0,no
غبي ضحك على شركة الاتصالات ليش؟ اشترى جوال عائلي وهو عزوبي.,0,no
فيه بيت ماسك مسدسات ليه؟ يعني انه بيت مسلح.,0,no
واحد خرج من الاختبار دايخ ليش؟ معلق البرشام على المروحة.,0,no
عجوز رمت نفسها في البحر ولم تغرق تعرف ليش؟ لأن إسمها بطة.,0,no
في واحد نام وجمبو برميل ماء ليش؟ عشان يغرق في الاحلام.,0,no
في مدرس رياضيات طاح انكسرت له زاوية وضلع.,0,no
قال أحدهم: لماذا تلقي المسامير في المياه؟ قال: لتصبح مياه معدنية,0,no
طبيب عيون لمريضه الغبي: عليك أن تغسل عينيك بإستمرار. المريض الغبي: و أين يباع هذا الأستمرار.,0,no
المدرس للتلميذ: لقد قلت أرسموا وسيله مواصلات و لكنك رسمت قضباناً فأين القطار؟ التلميذ: لقد غادر المحطه.,0,no
واحد اسمر جدا سجل في مدرسة ليلية، كل يوم يسجلوه غايب.,1,no
صعيدي حب يشرب سيجارة حطها بـكوب.,0,no
صعيدي فكر بعمق. غرق.,0,no
واحد احول. ماتت امه. دفن ابوه,0,no
واحد حب ينشر مقال في الجريده. اشترى منشار,0,no
في سوداني زوجته ولدت له ولد ابيض قال: رديه لسا ما استوى,1,no
فيه نحله قاعده تلحق واحد سعودي. ليش؟ لانها قاعده تبحث عن المملكه,0,no
مرة واحد أكل لقمة القاضى. قام القاضى حبسه,0,no
الطفل لامه: اين يوجذ القلب يا اماه؟ الام: لماذا يا بنى؟ قال: لاننى سمعت ابى يقول لجارتنا قلبي بين يديك يا حياتى,1,no
قالت المعلمة للبنت: ما اسمك؟ قالت: موزة سعيد جمعة. المعلمة: ما اسمك بالانجليزي؟ البنت: بنانا هابي فرايدي.,0,no
سأل الرجل زميله ليش ربنا خلق النساء جميلات؟ اجابه: عشان تحبها قال له: ولماذا خلقها غبية؟ رد عليه زميله: لكي تحبك.,1,yes
دجاجة شربت ماي مغلي ليش؟ جان تبيض بيض مسلوق,0,no
في مرة واحد أشترى سيارة وعندما راح ليسجلها قال لهم: بدي تكتبولي على النمرة ابو علي سالوه ليش؟ قالهم: مثل جاري موجود على نمرة سيارته أبوظبي,0,no
لماذا يجلس الغبي فوق المروحة؟ حتى تكون الجلسة على الهواء,0,no
في فطر قاعد ويناقز ومستانس ليش؟ علشان عيد الفطر,0,no
فيه واحد قلبة اسود شربوه كلوركس مبيض,0,no
في واحد وقف على فرع شجره ليش؟ مشان يصير مدير فرع,0,no
المدرسه: ما ادفئ شهر بالسنه؟ التلميذه: شهر العسل,1,no
اثنين صلعان اصتدمو ببعض طلع منهم شرارة.,1,no
قال المعلم للطالب اعرب كلمة بزر قال الطالب: الباء حرف جر وزر معلق على القميص,0,no
اثنين تسلقوا جبل. واحد قدر. وواحد صحن,0,no
الأول: تصور أني ولدت بالمستشفى. الثاني: ولماذا هل كنت مريضاً؟,0,no
الأستاذ: ما جمع لص؟ الطالب: عصابة.,0,no
واحد جالس جنب ملكة جمال العالم قالت له بوسني. قال: لا مغربي,0,no
محشش طلع جوال راح لأخوه قله اكتبلي رساله خطي مو زين,0,no
أثنين أغبياء يتمشون لحالهم تهاوشوا من يمشي في الوسط,0,no
واحد فات على غرفة كلها حشاشين قال: حرام عليكم قالولو: وعليكم الحرام.,0,no
محشش مغرز في البر وقف له واحد يساعده قال له: معاك حبل؟ قال له: عاشت الأسامي,0,no
طلبوا من بخيل أن يتبرع لبناء سور للمقبرة فقال: ليش خايفين يشردون الميتين,0,no
اثنين مجانين دش عليهم الدكتور لقى واحد فيهم متعلق بالسقف ويصرخ: أنا لمبه أنا لمبه قال الدكتور حق الثاني: ما تنزل صاحبك؟ رد عليه: لا والله ونجلس فالظلام,0,no
بدوي حب يجامل ويدلع زوجته قال لها: انتي حمامه قالت: لا أنا غزاله قالها: المهم حيوانه,1,yes
الأستاذ: في أي فصل يسقط المطر؟ التلميذ: في الفصل الذي ليس له سقف يا أستاذ.,0,no
في نكتة في السجن ليش؟ موتت واحد من الضحك.,0,no
واحد قصير أهله ما يخلونه يدخن في البيت؟ يخافون يحرق الفرشة.,1,no
الشحادة لما بتعطس شو بتقول؟ هات شلن,0,no
مدرس العلوم سأل تلميذ: عرف الخفاش، التلميذ: فار لابس عباية.,0,no
نذل يبي يطلع من موقف السيارات شاف واحد بيجي مكانه رجع وركب تكسي.,0,no
نذل حلم إنه طيب، قعد من النوم قال أعوذ بالله وش الكابوس هذا.,0,no
"ليش اخترعوا الثواني؟!
علشان يحطو عليهن العثير",0,no
واحد ضرب الجرس قال له آسف ..,0,no
عجوز عطست جاها شد عضل .,0,no
واحد شامي سأل وحدة شو أسمك ؟ قالت له بدور . قال لها ياحرام مابتدوخي .,0,no
فيه شمس غابت اتصلوا على أبوها .,0,no
فيه هندي شاف الناس يضللون سيارتهم راح وحط كيس زبالة وقعد يصدم الناس.,1,no
محشش صدم 2 الأول مات و الثاني يخانق قال المحشش شف خويّـك مات ما قال شي,1,yes
قزم تضارب مع حرمته زعلت عليه حطت نعاله فوق التلفزيون وطلعت,1,yes
يقول في حرامي معه سكين مسك شايب وعجوز قال انا بااْذبحكم وقال للعجوز ويش اسمش قالت منيرة قال خلاص بخليش مراح اقتلش لان اسم امي منيرة وطالع في الشايب وقال ويش اسمك قال ان سالم بس يدلعوني منيرة.,0,no
غبي اشتغل بالبنك الأمريكي بعد خمس سنوات طلب الجنسية,0,no
حوطي ولدت زوجته بنت الساعه 3 الفجر ذبحها قال ما عندنا بنات تجي آخر الليل.,1,yes
فيه واحد اول مره ياكل علك قال مني نايم الين اخلصه,0,no
عنز غصبها ابوها على خروف ما تبيه اشترطت الزواج بعيد الأضحى,0,no
في واحد بخيل ابو مات بكى بعين واحدة,0,no
خبير إنترنت خلف ولد سماه دوت كوم ,0,no
واحده اتجوزت نجار بقت تدلعه: يا لوحي,0,no
مره واحد يحاكمة القاضي قال له ليش قتلت الرجل بالسكين قال له ضروفي صعبة لم تساعدني على شراء مسدس .,1,yes
ام اربعه واربعين تاخرت على المدرسه ليش تلبس شراب,0,no
"محشش جالس بالمقهى
قال للجرسون: هات لي واحد قهوه وسط
وأثنين هجوم",0,no
فية محشش يسوق السيارة ومعاة ابوة قالة ابوة : ياولدي لف يمين .. قال المحشش لف انت انا اسوق,1,no
في واحد أخذ نصف حبة منوم نام بعين وحده,0,no
"لماذا قاعد تـتـقـفـز ؟
لأنني نسيت أن أرج الدواء قبل أن أشربه ",0,no
"في واحد اكتشف إنه عنده سيدي فيه فيروسات ... ويش سوى ؟
راح غسل السيدي بالديتول",0,no
غبي نامت ريوله طفى اللمبه,0,no
"
فيه اثنين بدو ....
وواحد مابدا",0,no
 لاعب ألعاب قوى راح للدكتور عشان فيه انفلونزا ... قاس الدكتور الحراره ولقاها 40 درجة ... قام سأله اللاعب : طيب .. وكم الرقم القياسي ؟,0,no
"واحد ركب ليموزين وقال للسواق : "" نادي الشباب .. لو سمحت "" . رد عليه السواق : وأنت ليش ما تناديهم .",0,no
" واحد ملقوف شاف حادث قال وخرو. وخرو المصدوم يقرب لي
طلــع المـصدوم حـمـــار",0,no
صعيدي يبي يتفرج على أفلام وسخه حط الدش في الزباله,1,no
فية واحد شرب قهوة ....نشبت الكراسي في حلقه.,0,no
واحـد شــاف دورة مياه .. راح يـســـجل فيهــا,0,no
منشار عمل رجيم تحول الى سكين,0,no
في واحد قروي قطع اشارة خيطها,0,no
"يوم الفالنتين واحدة دخلت محل كروت وسألته عندك كارت مكتوب عليه
""إلى حبي الوحيد ""
قال لها آه فى منه
قالت له طاب هات لى 12.",1,no
"
مرة إمرأة طلبت من زوجها ساعة ثمينة وكان الرجل وضعه ما كويس قال لزوجته ما معي فلوس.وكل مدة كانت تطلب منه يشتري لها الساعة بس كان يقول لها ما في فلوس. في احد الأيام اجى البيت شاف زوجته معها الساعة. قال لها من وين جبتيها. قالت له بسيطة كثير. رحت الساعاتي أعطيته نصف ساعة فأعطاني ساعة.",1,no
واحد مسطول صاحبه وقع في البير راح يستناه عند الحنفية.,0,no
"واحدة نايمة جنب جوزها
سمعت صوت في الصالة قالت لجوزها قوم شوف يمكن حرامى..
قالها قومي شوفى انتى طب يمكن تكون حرامية",0,no
مرة واحد باكستاني قابل واحد باكستالت,0,no
واحد منحوس خبطته عربية ومات فروحه طلعت خبطتها طيارة,0,no
"مرة اتنين مساطيل قاعدين فالاول بيقول للتاني هو النهاردة السبت ولا الاحد
قام التاني قائل له لا الاتنين ....قام الاول قاله.... جايين مع بعض",0,no
"سأل المعلم التلميذ: إذا كان في جيبك عشرون دينارا ضاعت منك عشرة دنانير فماذا في جيبك؟
أجاب التلميذ: في جيبي ثقب.",0,no
سأل مدرس لغة عربية زوجته : ماذا تعرفين عن النحو والصرف؟ فقالت بمنتهي الذكاء : صرف الراتب علي النحو الذي يرضيني,0,no
"دكتور محشش بيقول لمريض : إنبسط يا عم ،  قريباً جداً إن شاء الله  هاتخرج من المستشفى و تروح لأهلك
المريض قال له  يا دكتور انا أهلي كلهم متوفيين 
قله الدكتور : أنا عارف",1,no
"
الزبون : شوف لي نظارة كويسة 
البائع : تبغى النظارة للشمس ؟
الزبون : لا أبغى النظارة لي أنا",0,no
سألوا محشش : شو نسبة البطالة في الأردن ؟ قال : والله ما بعرف .. بس الأردن كلها أبطال,0,no
في واحد اتصل بمرتوا من الشغل وقلها أنا جاية على البيت سخني المي بسرعة وسكر التلفون قام سمعوا رفيقوا وقالوا: ياهيك الرجال يابلا باينتك فارد شخصيتك تمام ردعليه وقالو: لكن بدك ياني اجلي الجلي بمي باردة,0,no
فيه محشش سؤاله وشلون تصيد الارنب قال اتخبى تحت شجره واقلد صوت الجزر,0,no
اثنين مغطين روسهم ليش ..سمعوا ان امريكا راح تضرب الروس,0,no
"في وحده اسما سهام اندحمت بسياره
راح طار كل سهم بجهة",0,no
"في وحدة راحت تزور قبر زوجها صارت تبكي وتقول .. رهف بدها فستان وعمر بدو بنطلون وعمار بدو بوط
 اجاها بالحلم قلها سوسن انا عند الله مو بالمول.",0,no
‏​​‏​‏​‏​‏​محشش يغسل سيارته سألوه ليش بديت من اللوحة؟ قال: مره غسلت السياره و يوم وصلت للوحة اكتشفت انها مو سيارتي,0,no
"واحد عم يسئل امو. ماما ليش بابا
تركك وتجوز وحده عمره 20
قالتلو بحب الضيق الله يضيق عمرو.",1,no
محشش تقوموه أمه لصلاة الجمعة تقول ياوليدي قم الإمام يخطب قال: زوجوه تراه يصلي.,0,no
فيه دجاجه حاطه صورة بيضه على صدرها ليه؟ صورتها وهي صغيره.,0,no
فيه واحد طاح في بير رموا عليه الحبل وجروه يوم طلع فوق إلا هو ميت الأخ كان رابط الحبل في رقبته.,0,no
فيه قطو يلاحق فار مرو من جنب نمر قام يضحك ويقول يلعن ام حركات الابتدائي.,0,no
رقاصه راحت اسرائيل رجعت حامل قال زوجها ايه ده قالت جبت لك اسير يهودي,1,yes
عائلة أستقبلت شغالة أول ما إستقبلوها راحوا البر قالت ماما هذا كله كنس.,0,no
يقولك الهنود اتفقو انهم يحلون مشكله النكت اللي عليهم راحو قطو كل النكت بالبحر طلعو السمك يضحكون.,1,no
واحد نذل نجحوا عياله شرى لهم كره وقال أذا نجحتوا السنه الجايه .. أنفخها لكم.,0,no
س: ماهو اسرع رجل في العالم ؟ ج: بخيل معزوم للعشاء,0,no
بدوي مسك قميص مصري .. قال له المصري : سبني .. قال البدوي: ألعن أبوك.,1,no
غبي معاه قنبله يدويه بطلها قالوله: راح تنفجر قال: معاي وحده ثانيه.,0,no
فيه واحد محشش كان يسوق السيارة وقف عند نقطة تفتيش قال له العسكري : لو سمحت اوراق السيارة قال المحشش : أي حشيش اللي تتكلم عنه.,1,yes
واحد نسى فياجرا في جيب البنطلون بالغساله ، الصبح شاف خرطوم الغساله واقف.,1,yes
غبي قلب سيارته تكسي يسترزق وهو ماشي يأشرون له تكسي وهو يقول أدري أدري.,0,no
سوداني جالس مع لبنانيات سالوه اللبنانيات ليه جالس مع الورد قالهم والورد مايبيله سماد.,1,no
مطاوعه سألوا واحد : تصلي ؟ قال إيه .. قالوا تصوم ؟ قال إيه .. قالوا تقوم الليل ؟ قال إذا سمعت صجـّه.,0,no
فيه طفل بلع لمبه ليش؟ عشان يكون مستقبله منور.,0,no
واحد كسول جنسيا قرر يتزوج ... تزوج وحده حامل.,1,no
خنيث حصلوه مدخل في فقحته خيارة سئلوه ليش قال اتعالج بالاعشاب.,1,yes
"محشش في اختبار تعبير مطلوب منه 10 صفحات

كتب أول صفحة (ركب الرجل الخيل)

وفي آخر صفحة (نزل الرجل من الخيل)

وكتب بينهم

درقن,, درقن,, درقن,, درقن",0,no
 عجوز تطبخ صالونة وتصيح ليش؟ اللومي الاسود يذكرها بخصيان المرحوم.,1,yes
مطوع داش سباق سيارات فاز ليش؟ حاط ماي زمزم في الراديتر.,1,no
خنيث سألوه تعمل ويش لو فرشولك الارض زبوب قالهم امشي على فقحتي.,1,yes
خمسة زخوا خنيث على مركب قالوله عطنا فلوس او بنيكك! عق محفظته في البحر,1,yes
غبي سألوه من من الانبياء الذي كان يكلم الحيوانات قال ...طرزان.,1,no
 هليكوبتر رابطة سوداني تنزله في البحر وتطلعه ليش؟ دعاية شاي ليبتون.,1,no
الاميره ديانا قامت من القبر وقالت نصيحه :هذي نهاية الي يمشي مع هندي .,1,no
واحد صعيدي قام يفتح التلفزيون آخر الليل تقول له مراته ليش تعمل كدة قال : عشان اشوف المذيعة وهي نائمه.,1,no
سفن آب يجري في الشارع ، وراه هـنديه ليش ؟ تـبـي النقطة الحمراء .,1,no
فيه بدوي سألوه : ليش كسرت كاميرا المرور ؟ قال : يا ولد مصورين أهلي .,0,no
بـقــرة را فعـة ذ يـلها ، لـيـش ؟ ، تسمع الراديو.,0,no
في صعيدي وقف سيارته عند بيت مهجور ليش ؟ عشان تـصير شبح .,0,no
واحد كبر في عيون الناس ضاق الثوب عليه.,0,no
واحد أراد أن يقطع الطريق أخذ معه مقص,0,no
واحد أراد أن يبني مستقبله اشترى أسمنت,0,no
"بخيل بيعدمونة فشنقوه ما مات
سحبو منه درهم مات",0,no
أردني راح يشتغل شوفير تكسي في الصين كل مايأشر له واحد يقول له : ما أنا هسه نزلتك .,1,no
أحول سجل في الجيش .. حطوه في قسم القصف العشوائي,0,no
"غبي دعا ربنا 15 سنة يرزقوا ولد ,أخر شي اجاه وحي بالمنام بقولو ولك اتجوز ..",0,no
"بخيل طلق زوجته وسمع انها ورثت 
اتصل عليها قال انا حامل ",0,no
مرة اردني عند القاضي بسألو ليش دهست 51 رجل جاوبه :كنت سايق شاحنة بسرعة على تقاطع خرب البريك وكان على اليمين زفة عريس وعلى اليسار رجلين .. القاضي: طب ليش ما دهست الرجلين وبعدت عن الزفة… الاردني: أنا هيك (فكرت) دهست الأول والثاني شرد عالزفة فألحقته.,1,no
اردنية حرقت بيت أهلها ليش؟؟؟؟ عشان تشوف خطيبها اللي باالدفاع المدني.,0,no
"نذل مربي كرش ليه ؟؟
بجاكر بمرته لأنها ما بتجيب أولاد",1,no
هاد بحكيلك في مرة وحدة اسمها سنة عملت دايت صار اسمها ٦ اشهر,0,no
مرّة واحد راح ع الامارات حكالهم بما إنه عندكم شيخ زايد اعطونا يّاه.,1,no
مرة وحدة اسمها اسرار وقعت عبت الدنيا فضايح,0,no
"طالب فاشل أهله نقلوه لمدرسة خاصة ومايدرون ان المدرسة مسيحية
بعد شهر جاب ممتاز في المذاكرة استغربوا أهله فسألوه: اش صار؟
قال: أول ما دخلت المدرسة وشفت إنهم معلّقين واحد على خشبة قلت الجماعة ما عندهم مزح",1,no
"الأم: وين زوجك مش شايفاه ؟ البنت برا في الحديقة، ما إحنا اتخانقنا مبارحالأم: بس ما شفته وأنا داخلة!
البنت: آه ما هو لازم تحفري.",1,no
ديك مزكم ليه؟ جامع دجاجه مثلجه,1,yes
لماذا اليهود يخافون من ليلة الدخلة ؟ لأنه يكون أولها حماس .... واخرها فتح,1,yes
مره طفل سال امه : ليش الرقاصه ما ترضع اطفالها ؟ قالت الام : لانها تهز فيتحول الحليب الى لبن رائب ,1,yes
فيه شايب مع عيوز بمطعم وتقوله العيوزاحس بدفا بصدري قالها الشايب يابقره ديودج بالشوربه.,1,yes
بدوي يمشي ويحط صبعة في طيزه سألوه ليش قال باب يجيك منه ريح سدة واستريح.,1,yes
"محشش اشتغل بمحل دهب
اجاه زبون خليجي وقلو : ابي ذهب
رد عليه المحشش : عنجد! وايمتى راجع",0,no
اتنين ختايرة قاعدين بدار المسنين قام واحد قلو للتاني حاسس حالي باخر ايامي عمري84 وجسمي كلو بيوجعني وانت بشو حاسس قلو انا حاسس اني مولود جديد سالو ليش قلو لا شعر ولا سنان ومن شوي شخيت ع حالي مرتين,1,yes
اتنين قاعدين بعزا واحد قال للتاني انت عزيت قلو لا انا عالسمنة,0,no
مره وحده خلفت ولد زبه كبير راحت للدكتور قلها هاد وراثة؟ قلتلو لا وحام ,1,yes
"قروية اشتركت في برنامج من سيربح المليون
طلقها زوجها ليش : علشان طلبت اتصال بصديق",0,no
"ليش الشب ذكي والبنت بتحكي كتير؟
لانو الشب براسين والبنت بأربع شفايف.",1,no
"واحد قال لزوجته : انا رايح أشترك بمسابقة أكبر عضو ذكري
قالت له : لا تروح بتخسر
قال لها : ليش
قالت : جارنا مشترك فيها",1,yes
واحد قرر يصارح خطيبته إن زبه صغير. دخلها غرفة النوم وطفى النور وحط زبه في يدها.. قالت له : مشكور حبيبي ما أدخن,1,yes
"واحد محشش بيسأل صاحبوا المحشش : ليش الكس يجي بالطول مش بالعرض .
رد عليه صاحبه : عشان اللي يلحس ما يدوخ",1,yes
"واحد قال لابنه : يا ولد روح عند جيرانا وشوف ليش صوتهم طالع ؟
راح الولد و عرف ان بنت جيرانهم هربت مع حبيبها ، استحى يقول لأبوه و قالو :
جيرانا انسرقت سيارتهم التكسي
راح الاب لجاره يواسيه و قال : يارجال منيح اللي ارتحتو منها كانت طول النهار من واحد لواحد معد فيها
حيل تمشي من كثر ما ركبوها العالم حتى أنا يوم ركبتها ماعجبتني !!",1,no
واحد متزوج ثلاث : طبيبه ومهندسه ومدرسه سألوه عن احسنهن : قال الطبيبه آتعبتني في التعقيم والتنظيم والمهندسه علتني بالقياس والزوايا والمدرسه يازينها مركزه وإذا إنتهينا قالت عيد الدرس ماستوعبته كله.,1,no
واحد تزوج شرطية مرور سأله صديقه كيف ليـلة الدخـله ؟قال هلكتني مخالفات٢٠٠دينار سرعة قذف٥٠٠دينار طيش وتهور١٠٠٠ دينار دخول خاطيء١٠٠دينار عكس السير٥٠ دينار عدم لبس واقي٥٠ دينار رمي مخلفات.,1,no
مرة محشش رن على رقم ردت عليه وحدة قلها : الاخت شريفة ؟ قالتلو : لا والله قلها : وهاد المطلوب.,1,no
واحدة راحت تطلع رخصة سواقه المعلم بيقول لها رجلك اليمين على البنزين ورجلك الشمال على الفرامل.... ترفعى رجلك اليمين..... السيارة تقف.... ترفعى رجلك الشمال.... السيارة تمشى.... قالتله ولو رفعت التنتين قالها الرخصه بتوصلك لحد البيت.,1,no
مدرسه قالت للتلاميذ :  اللى معاه شلن يطلعه   فواحد قالها: أنا مش معايا شلن ينفع برضه اطلعه.,1,no
لبنانيه قالت لابوها: باركلي شريت سيارة جديدة. ما صدق ابوها وقالها: بشرفك؟ قالت: لعاد بفلوسك.,1,no
رأى رجل امرأة فقال لها : كم أنتي جميله! فقالت له: ليتك جميل لأبادلك نفس الكلام! فقال لها: لا بأس اكذبي كما كذبت.,1,no
مين المطرب المفضل ل thor؟ حسن شاكوش.,0,no
مره واحد بيحب واحده اسمها لوجين فرکشوا و قلتله اخرج من حياتي عمل log out.,0,no
كوباية شاي خبطت في تلج قلتله معلش مش ice tea.,0,no
مرة مرقه دجاج عزمت صاحبتها على الغدا ف قالتلها لا شكرا كلت قبل Magi.,0,no
مرة بنطلون شرب خمرة قال إيه دا أنا skirt.,1,yes
مره واحده lesbian قعدت في كافيه طلبت ام علي.,1,yes
مره أرنب بيسأل أرنبه قالها انتي بتشتغلي قالتله لأ انا Rabbit منزل.,0,no
مرة واحد عنده عربية بي إم نام و صحي لقاها am.,0,no
مرة ميكب ارتيست اتخطبت لظابط قالت له انا اول مرة احس بال Amanda.,0,no
مره صوره من لبنان جالها ضيوف قالتلهم اتفضلوا Photo ع الصالون.,0,no
مرة حمار قال لحبيبتو انا ما بقدر اعيش من donkey.,0,no
" شوفت ال Racism في امریکا ؟
= يعني ايه Racism؟ 
- ما انت فلاح بقى هقولك ايه.",1,no
مرة ارنب اتكعبل عشان ما كانش rabbit جزمته.,0,no
ليه الجندي الياباني ما بيحاربش? لانه Japan.,0,no
مرة DNA اتخانق مع DNA سبله الgene.,0,no
مرة خروف كان بيعاكس معزة قالتله sheep ايدي قالها انا goat جمبك؟,0,no
"شو بتسمي جيش من نسوان الonlyfans؟
القوات المشلحة.",1,yes
الحلويات لما بتتخانق مع بعضها فى محل الحلويات الناس اللى فى الشارع بتسمع صوت sweet,0,no
خوفو لما طلب من وزيره يبني الهرم قاله أنا عاوزك تبنيلي مقبرة ف فتره وGiza,0,no
game over فيه واحد مجنون بلاستيشن : مات ابوه كتب على قبره,0,no
الناس بتكره بياع السمك عشان هو Selfish,0,no
صديقتي دايما تتهمني اني اخونها.. صارت تتكلم زي زوجتي,1,no
قالت لي زوجتي: «لو ربحتَ اليانصيب، هل ستظل تحبّني؟» فقلت لها: «طبعاً سأظل أحبّك. سأفتقدك… لكنني سأظل أحبّك.»,1,no
هل تعلم أن شركات التأمين تُحذِّر المُخيّمين أنه إذا سُرِقت خيمتك ليلاً فلن تكون مُغطّى؟,0,no
حاول رجلٌ أن يبيعني تابوتاً. هذا آخر شيء أحتاجه حرفياً.,0,no
جلستُ بجانب طفل في رحلة طيران استغرقت عشر ساعات. لم أكن أعتقد أن بإمكان أي شخص أن يصرخ عشر ساعات متواصلة. حتى الطفل انبهر بي.,0,no
لا تحتاج إلى مظلّة لتقفز بالمظلات من الطائرة مرةً واحدة. لكنك تحتاج مظلّة إذا أردت أن تقفز بالمظلات مرّتين.,0,no
كنتُ أتناول الفياغرا لحروق الشمس، لا تعالجها طبعاً، لكنها تساعد في إبقاء الغطاء بعيداً عن ساقيّ ليلاً.,1,yes
زوجتي تقول إن لديّ عيبين كبيرين: أنني لا أستمع… وشيئاً آخر لا أذكره.,0,no
قلتُ لزوجتي: «لا تنزعجي إذا قال لكِ أحد إنكِ سمينة، أنتِ أكبر من ذلك بكثير.»,1,yes
البارح، زوجتي سألتني: «هو أنا بس ولا القط عم يسمن؟» واضح إنّ جوابي: «إنتِ بس» ما كان أنسب إجابة.,1,no
قالت لي زوجتي: «أكره نفسي لأني أشوفني سمينة، ممكن تمدحني بشي؟» قلت لها: «بصرك ممتاز يا حبيبتي.»,1,no
زوجتي تقول إني أبخل رجل في العالم. بس أنا مو شاري الكلام هذا.,0,no
قبل أسبوعين أرسلت جهاز السمع للتصليح. من يومها ما سمعت منهم ولا خبر.,0,no
زوجتي سلبية لدرجة مو طبيعية. أتذكر كرسي السيارة وعربة الطفل وكل شنط الحفاظات… وكل اللي يهمها إنّي نسيت آخذ الطفل نفسه.,0,no
اكتشفت توّي إن كل أهل الحي حضروا اجتماع عن الأمان وقالوا إن فيه واحد غريب أطوار في الشارع. الغريب فعلاً إنهم ما عزّموني.,0,no
قال لي الأخصائي النفسي: «أفضل طريقة تتخلّص فيها من غضبك إنك تكتب أسماء الناس اللي تكرههم على ورق وبعدين تحرقهم.» أخذ الموضوع وقت بس فعلاً حسّيت براحة… الحين بس محتار، إيش أسوي بكل الأوراق؟,0,no
ودي أموت زي ما مات جدي: نايم وبسلام… مو وأنا أصرخ من الخوف زي الركّاب اللي كانوا في الباص حقه.,1,yes
عن طريق الغلط عطيت زوجتي صمغ بدل أحمر الشفاه… إلى الآن ما كلّمتني.,0,no
كتبت كتاب عن كيف ما تطيح من الدَّرَج… دليل يعلّمك الموضوع خطوة بخطوة.,0,no
"صيني يسوق سيارته مع حبيبته، قربت منه وفتحت سحاب بنطلونه وقالتله ""صحيح اللي يقولونه عن الذكور الصينيين؟"" رد عليها وقال ""للأسف نعم.."" بعدين صدم سيارته بالطريق.",1,no
سمعت ان الحيوانات تقدر تتوقع حدوث الكوارث قبل ما تحصل، وأخيرا فهمت ليش كلبي ينبح كل مرة نشوف بنت تركب وتسوق سيارتها.,1,no
وانا صغير كنت أخاف من الضلمة بس لما كبرت وشفت فاتورة الكهربا صرت أخاف من الضو.,0,no
ما الشبه بين الطفل اليتيم والأعمى؟ لا يستطيع احد منهم ان يرى افراد عائلته.,1,no
كيف تعرف اذا الميكانيكي متزوج؟ دايما عنده اصبعين نظاف.,1,no
أحياناً أفكر كيف أهلي كانوا يقتلون الملل قبل الإنترنت… سألت إخوتي السبعة عشر، ولا واحد فيهم يعرف.,1,no
رجل كان يزرّر قميصه، طاح زر من فوق… بعدها رفع السحّاب تبع البنطلون، طاح السحاب… في الأخير خاف يروح الحمام نهائياً.,1,no
مستحيل أنسى آخر كلمات صاحبي قبل لا يموت: «متأكد إن المسدس هذا مزيّف؟»,1,yes
زملائي في الفصل ضحكوا على رسمة الطباشير حقتي… فإني ضحكت على مخطط الطباشير حوالين أجسادهم.,1,no
اعرف نكت كتير عن البطالة، بس للأسف مش شغالة,0,no
"ولد يسأل ابوه: ""وين غسالة الصحون؟"" رد عليه: ""طالعة تشتري مستلزمات البيت"".",1,no
ليه الكيبورد مش بينام؟ عشان عنده شفتين.,0,no