Jokes,Offensive,Explicit
"My wife said, if you won the lottery, would you still love me? I said, of course I would. I'd miss you. But I'd still love you.",1,no
I used to work for the circus. I was a human cannonball until they fired me.,0,no
Did you hear about Rudolph's roller coaster ride? He held on for dear life.,0,no
"When I was a kid, I used to pray for a bicycle. Then as I grew older, I learned in Sunday school, that's not how prayer works. So I stole a bike. And then prayed for forgiveness.",0,no
My son was chewing on electrical cords so I had to ground him. He's doing better currently than conducting himself properly.,0,no
"The internet connection at my farm is really sketchy, so I moved the modem to the barn. Now I have stable Wi-Fi.",0,no
Yesterday I opened my water bill and my electric bill at the same time. I was shocked.,0,no
"I told my wife, the next door neighbor died. She said, who, Ray? I said, it's way too early to celebrate like that.",1,yes
I like to brag. I like to change the M and the N on people's keyboards in the office. Some say I'm a monster. But I say I'm a nomster.,0,no
What did the triangle say to the circle? You're pointless.,0,no
"My wife told me to pick up six cans of Sprite at the grocery store. When I got home, I realized I had picked seven up.",0,no
My wife says that quilts are better than duvets. I said you better be careful making blanket statements like that.,0,no
"If lightning hits an orchestra, who's more likely to get hit? The conductor.",0,no
What physical part of the computer never stops working? The keyboard. It has two shifts.,0,no
I dated a Swiss girl back in the day. And broke up with her once I got to her hometown. There was too many red flags.,0,no
"Do you know that insurance companies are warning campers that if your tent is stolen at night, you won't be covered?",0,no
The guy tried selling me a coffin. That's the last thing I need.,0,no
I got fired from the bank today. A woman asked me to check her balance. So I pushed her.,1,no
I lost my wife's audio book last night. I may never hear the end of it.,0,no
I'm making a documentary on how to fly a plane. We're currently filming the pilot.,0,no
What word starts with E and ends with E but only has one letter in it? Envelope.,0,no
"My boss told me as a security guard, I need to watch the office. I'm on season six, but I have no idea what it has to do with being a security guard.",0,no
What do you call it when a midget waves at you? A microwave.,1,yes
"My mother said, one man's trash is another man's treasure. Turns out I'm adopted.",1,no
Why did the scarecrow get an award? Because he was outstanding in his field.,0,no
"Do you know the best Christmas present is? A Broken drum, you just can't beat it.",0,no
I sat next to a baby for a 10 hour flight. I didn't think it was possible for someone to scream for 10 hours straight. Even the baby was impressed.,0,no
You know what nation sleeps the longest? Hibernation.,0,no
I'm reading a horror book in Braille. Something bad's going to happen. I can feel it.,0,no
I joined the gym and asked my trainer what machine I should use to get beautiful girls. He told me I should try the ATM machine outside.,0,no
You don't need a parachute to go skydiving. But you do need a parachute if you're gonna go skydiving twice.,0,no
All I got for Christmas was a deck of sticky playing cards. I'm having a hard time dealing with this.,0,no
Last night my wife put on a new dress and asked me to zip it. I don't know what I did wrong. I didn't say anything.,0,no
"I have a bunch of jokes about unemployed people. But unfortunately, none of them seem to work.",0,no
"My wife accused me of stealing her thesaurus. Not only was I shocked, I was appalled, aghast, and dismayed.",0,no
"I never believed in my chiropractor, but now I stand corrected.",0,no
"I got a new pair of gloves today, but they're both lefts, which on one hand is great.",0,no
My girlfriend keeps accusing me of cheating. She's starting to sound like my wife.,0,no
"Someone told me my fur coat is gay. I mean, it came out of the closet this morning, so...",0,no
"A sweater I purchased was picking up static electricity, so I decided to return it. He gave me another one free of charge.",0,no
My Viagra addiction was the hardest time of my life.,1,yes
"I've been taking Viagra for my sunburn, but it doesn't cure it. But it helps keep the sheets off my legs at night.",1,yes
"I think my phone is broken. Yesterday I pressed the home button, and I was still at work.",0,no
"I'm American, and I'm sick of people saying America is the stupidest country in the world. Personally? I think Europe is the stupidest country in the world.",0,no
I made a graph of all the past relationships I've had. It was an x-axis and a y-axis.,0,no
"What did the blanket say when it fell off the bed? Oh, sheet.",0,no
Do you remember the joke I told you about the chiropractor? No. Really? It was about a week back.,0,no
"Mom has forbidden me from making any more breakfast puns. She says if I do, I'm toast.",0,no
My wife says I have two major faults. I don't listen and something else.,0,no
I have a fear of elevators. I'm taking steps to avoid it.,0,no
A friend of mine got kidnapped by a group of mimes. They did unspeakable things to him.,0,no
Last night at the airport there was a woman completely passed out in the baggage carousel. She slowly came around.,0,no
"Told my wife, her underwear is way too tight and too revealing. She said, then wear your own.",0,no
What did the duck say when he bought chapstick? Put it on my bill.,0,no
I asked my wife when her birthday was. She said March 1st. So I walked around the room and asked again.,0,no
"I told my wife, don't get upset if someone calls you fat. You're much bigger than that.",1,no
I'm not sure if my wife is satisfied with my body. A small part of me says yes.,1,no
My wife took off her shirt when I was winning an argument. It was a booby trap.,1,yes
What do you call a short mother? Minimum.,0,no
My girlfriend poked me in the eyes. I stopped seeing her for a while.,0,no
"Last night my wife asked me, is it just me or is the cat getting fat? Apparently it's just you wasn't the right answer.",1,no
How many tickles does it take to make an octopus laugh? Ten. Ten tickles.,0,no
Last night my obese parrot died. Wow. I'm sorry to hear that. Fortunately it was a huge weight off my back. And my shoulders.,0,no
"It's a 5 minute walk from my house to the bar, but it's a 45 minute walk from the bar to my house. The difference is staggering.",0,no
I have a friend that has a stutter and he's getting sent to prison. I'm afraid he's not going to finish his sentence.,0,no
I'm starting a business to teach short people math. It's called making the little things count.,0,no
"I showed my friend my tool shed and pointed to my ladder, I told him that's my step ladder. I never knew my real ladder.",0,no
Five ants were in an apartment with another five ants. Now they're ten ants.,0,no
Why can't you hear a pterodactyl go to the bathroom? The pee is silent.,0,no
"When you wear a belt made of $100 bills, it's just a waste of money.",0,no
"Did you hear about the guy that evaporated? Yeah, he'll be mist.",0,no
"Prison might be one word to you, but to some people it's a whole sentence.",0,no
You know what the first rule of passive-aggressive club is? You know what? Never mind. Forget it. It's fine.,0,no
"Every morning, I get hit by the same bicycle. It's a vicious cycle.",0,no
"My wife said to me, I hate myself because I look fat. Can you give me a compliment? I said, you have perfect eyesight honey.",1,no
Did you know that the first French Fries weren't cooked in France. They were cooked in Greece.,0,no
"My doctor said my DNA is backwards. I said, and?",0,no
"My girlfriend said, you act like a detective too much. I want to split up. So that's a great idea. We can cover more ground that way.",0,no
My wife says I'm the cheapest guy in the world. I'm not buying it.,0,no
I asked my date to meet me at the gym. She never showed up. That's when I knew we weren't going to work out.,0,no
What do you call a magician who's lost his magic? Ian.,0,no
"I warned my children about using their whistle inside the house, and I gave them one last chance. Unfortunately, they blew it.",0,no
My wife told me to put ketchup on the shopping list. Now I can't read anything.,0,no
I've been saying mucho to my Mexican friends lately. It means a lot to them.,0,no
Why'd the Mexican take anti-anxiety pills? For Hispanic attacks.,0,no
What do you call a knight who is afraid to fight? Sir Render.,0,no
Two weeks ago I sent my hearing aid in for repair. I've heard nothing since.,0,no
My doctor told me I was going deaf. That news was hard to hear.,0,no
"I was in an Uber yesterday and the driver, asked, is it cool if I put some music on? I said, not at all. He said, kiss? I said, let's play the music first and see how we feel.",0,no
I once pulled a muscle mining for gold. It was a minor injury.,0,no
"Yesterday I was washing the car with my son. He said, Dad, can't you just use a sponge?",0,no
I wanted to start a new diet. I just feel like I have way too much on my plate right now.,0,no
"Geology rocks, but geography is where it's at.",0,no
"My wife is so negative. I remember the car seat, the stroller, and the diaper bags. Yet, all she can talk about is how I forgot the baby.",0,no
I accidentally ate invisible ink. I'm now in the hospital waiting to be seen.,0,no
"Fun fact, before crowbars were invented, crows simply just drank at home.",0,no
"I'd love to get paid to sleep, that would be my dream job.",0,no
"3 men crash on a desert island, and the Aussie says, okay, I'm going to go look for food. The Englishman says, I'm going to go look for water, and they send the Chinese man out for supplies. And the Aussie comes back. He has the food. The Englishman comes back. He has all the water, and they're looking around for the Chinese man. And they can't find him. It's been hours and hours. And then suddenly, out of nowhere, the Chinese man comes out and like, supplies!",1,no
"Three guys at a ski lodge and they all had to share a bed. In the morning, the guy on the left side says, I had the craziest dream. I got a handjob from a guy. And then the guy on the right side of the bed said, that's crazy, I had the same dream. And then the guy in the middle said, that's weird, I had a dream I was skiing.",1,yes
"Asian guy's driving his girlfriend to the beach, she whispers in his ear ""let me give you some head while you drive"". So she goes to unzip his pants and she goes ""is it really true what they say about Asian men?"" And he goes ""unfortunately, yes."" And then he crashes the car and they both die.",1,yes
"I was in the garden with my girlfriend earlier and we saw the 18-year-old girl next door, all dolled up, ready to go out clubbing. And my girlfriend said, do you know what? At that age, I could really see myself in her. Which was weird, because I was thinking the exact same thing.",1,no
"I was too shy, too embarrassed about it but eventually screwed up the courage to go and see my doctor, showed her my penis, said, look, I'm worried I might be a bit premature. She said, you certainly are. I'm the receptionist.",1,yes
"A boy walks in on his dad masturbating. The boy goes, dad, what are you doing? The dad goes, I'm masturbating. You'll know about it soon. The kid goes, what do you mean? He goes, well my arm's getting tired.",1,yes
"Sex education lessons at our school were pretty weird. The teacher made us shout out rude words to get out of our system, like bum, willy, cocks, and we had to carry on doing that until he came.",1,yes
"A plane full of priests and children is crashing to earth. One says, what about the children? The other says, fuck the children. The third one says, do we have time? ",1,yes
I was watching a really weird porn film the other day that was just a fat man crying and wanking at the same time and then I realised I hadn't turned the tv on.,1,yes
"My old high school teacher told me I'd be terrible at poetry due to my dyslexia. But it's so crazy since  I've already made two vases, two jugs and an ashtray.",0,no
"I don't like to eat anything labelled reformed ham, as I think it's unfair that the pigs are slaughtered after they've got their lives back on track.",0,no
"There's a house on fire. And there's two guys having sex, Who gets out first, the top or the bottom? The bottom because his shit's already packed.",1,yes
Did I tell you about how I got arrested? No. Because I left my car at the bar and took the bus home. Turns out I was too drunk to drive that too.,1,yes
"Why is parking a car like finding a girlfriend? All the good ones are taken, so you just stick it in the disabled one and hope no-one finds out.",1,no
I apologised to my girlfriend during sex for slipping it in the wrong hole. But of course she couldn't hear me because my dick was in her ear.,1,yes
I dated a girl with the same name as my mum. I wasn't allowed to call her by her name during sex because it would remind her of my girlfriend.,1,yes
They say that animals can sense disasters before they happen. That's why my dog always barks every time it sees an Asian get in the car.,1,yes
"What's the difference between a casual dress party and a pirate having sex? One, you come as you are.. The other, you ARRRR as you cum.",1,yes
"I got a DVD, How To Improve Your Foreplay Technique. It was really good. I had to fast-forward through the boring bit at the beginning.",1,yes
"What does the Twin Towers and genders have in common? When we were kids, there were two of them. But now it's kind of a touchy subject.",1,no
Police recently found a dead body and it had sperm in its mouth. They suspected that someone was trying to inject life back into them.,1,yes
"My mum died when we couldn't remember her blood type. As she died, she kept telling us be positive. It's hard without her.",1,yes
"A gingerbread man went into a doctor's appointment and he said, I've got sore knees. And the doctor said, have you tried icing it?",0,no
"My girlfriend's dog died. So to cheer her up, I got her an identical one. She was livid. What am I going to do with two dead dogs?",1,no
"I got arrested by a female police officer. She told me, anything you say can and will be held against you. So I replied, boobs.",1,yes
"When I was little, I was scared of the dark. But now that I'm older, when I see the electricity bill, I'm scared of the lights.",0,no
I suggested to my wife that she look sexier with her hair back. Apparently that's insensitive to say to someone during chemo.,1,no
"High school football game was a lot like the first time I had sex. I was really bloody and bruised, but at least my dad came.",1,yes
My nan recently came home and she claimed that she once gave a handjob to Albert Einstein. What a stroke of genius.,1,yes
"Instead of getting a letter from the Queen when you turn 100, now you get a......text from Prince Andrew when you turn 14.",1,no
Do you know what the secret is to having a smoking hot body as a senior? Cremation.,1,no
Why are retired Nazis so good with animals? Why? Because they're veteran Aryans.,1,yes
You know when strippers get money with jizz on it they have to report it to the government. Really? It's gross income.,1,yes
What's the difference between a female farmer and Hitler's girlfriend? One bales her hay and the other heils her bae.,1,yes
"Why doesn't Mexico have an Olympic swimming team? Because everyone who can run, jump and swim are already in the US.",1,no
"What's the difference between a rooster and a hooker? A rooster says cock-a-doodle-doo, a hooker says any cock'll do",1,yes
"During sex, you burn off as many calories as running eight miles. Who the fuck's running eight miles in 30 seconds?",1,yes
This morning I went to a meeting in my premature ejaculator support group. But it turns out it's tomorrow.,1,yes
Why is it so hard to argue with a woman that's not wearing a bra? She already made two really good points.,1,no
What do you call a nurse with dirty knees? The head nurse.,1,no
Gay men's ass cheeks are like the US border. Because they're always open and men enter through at night.,1,yes
To anyone who says white men can't jump. Obviously haven't seen the footage of 9-11.,1,no
Why is a white guy in prison scarier than a black guy in prison? Because the white guy actually did it.,1,no
"What do anniversaries, the toilet bowl and the clitoris all have in common? Men usually miss them all.",1,yes
"What do women and hand grenades have in common? When you pull the ring off, your house goes away.",1,no
What's the difference between Batman and a black man? Batman can go out at night time without Robin.,1,no
"What's a condom and a coffin got in common? They both hold stiffs, but one's coming and one's going.",1,yes
"Someone told me a banana a day was good for cleaning the colon, so I realized you have to eat them.",1,no
A naked man broke into a church. The police chased him around and finally caught him by the organ.,1,no
"My mate tried to freak me out by getting me to eat donkey meat, joke's on him.. I love eating ass.",1,yes
My girlfriend left me because she caught me in bed with some pasta. I've been feeling cannelloni.,0,no
What's the difference between women and Ubers? Drunk men ask before getting inside an Uber.,1,no
What does wanking and foreputting have in common? You never know how many strokes it will take.,1,no
"An Englishman, an Irishman and a Welshman rob a bank. Who do the cops shoot first? A black guy.",1,no
Have you seen the movie about the little fish with cancer? Finding chemo.,1,no
Why can't Asian men never masturbate to Asian porn? Because everyone looks like their sister.,1,yes
Why don't Indians play soccer? Because every time they're out of corner they open a store.,1,no
We just found out my grandpa is now addicted to Viagra. No-one's taking it harder than me.,1,yes
What do blind kids and orphans have in common? Neither of them can see their parents.,1,no
Did you know that Germany created sparkling water? Who else would have thought to add gas to water.,1,no
Why can't two Chinese people have a white kid? Because two Wongs don't make a white.,1,no
Why can't little kids play chess? Because they're not allowed near bishops.,1,no
What do you say after having sex with a female soldier? Thank you for your cervix.,1,yes
My job allows me to hook up with as many people as I want. Love being a mortician.,1,no
"My boyfriend dumped me, so I stole his wheelchair. Guess who came crawling back?",1,no
What do a short-sighted gynaecologist and a puppy have in common? A wet nose.,1,no
How do you know a mechanic has a girlfriend? He has two clean fingers.,1,no
Why is fruit squash banned in Germany? Because it's a concentrated juice.,1,no
Why do Norway have barcodes on the side of their ships? To Scandinavian.,0,no
What time does an ISIS member go to bed? He usually crashes around 9-11.,1,yes
What do Germans hate more than World War II jokes? The gas bill.,1,no
What do tofu and dildos have in common? They're both meat substitutes.,1,yes
Did you hear about the guy with a fruit fetish? He's fucking bananas.,1,yes
What do you do when you finish a magazine at school? You reload.,1,no
What kind of flour do orphans use to bake bread? Self raising flour.,1,no
Why does an Ethiopian baby cry? It's having a midlife crisis.,1,no
"What's a gal's favorite number? 16, because she gets eight twice.",1,yes
What do you get when you jingle a man's balls? A white Christmas.,1,no
I saw a guy on a jackhammer earlier today. It was groundbreaking.,0,no
What happens when Catwoman kisses Batman? The Dark Knight rises.,1,no
Why was Ten scared? Because he was right in the middle of 911.,1,no
What do you call a pair of time traveling birds? A paradox.,0,no
Why is Santa's sack is so large? Because he only comes once a year.,1,no
Why do police get to protests early? To beat the crowd.,1,no
What do you call a group of disabled people? A garden.,1,no
What does a deaf gynaecologist do? Lip read.,1,no
Why do hamburgers go dancing? A meatball.,0,no
What do you call a blind German? A Not-see.,1,no
Why did my dad go to prison? Beats me.,1,no
I married my wife for her personality. I just didn't realise it came as a variety pack.,1,no
"I walked into a bar with my wife. The bartender said, would you like a beer for your wife? I said, that sounds like a fair swap.",1,no
I went down to the paint store to get thinner. Didn't work. I'm still fat.,0,no
I asked a german girl for her number and i'm still waiting for the rest of the digits so far all i've gotten is nine.,0,no
"Three tons of hair was stolen from a wig factory. But don't worry, cops are still combing the area.",0,no
What's Thor's favorite food? Thor-tillas.,0,no
What does a grape say when it's being squashed? Nothing. It just lets out a little whine.,0,no
What do you get if you put a duck in a cement mixer? Quacks in the pavement!,0,no
What does a small pair of underpants and a small dance floor have in common? No ballroom.,1,no
What do you call a group of anxious dinosaurs? Nervous wrecks.,0,no
"My wife left me for another man. All that lies ahead now is a miserable, pointless, lonely life. And while he's going through that, I'll be down at the pub with my mates every night.",1,no
"I draw all my own porn with a pencil, one picture at a time. That way, if I hear anyone coming up the stairs, I quickly rub one out.",1,yes
I told my fiance she should embrace her mistakes. She gave me a hug.,0,no
Police have arrested the world tongue twister champion. They said he'll be given a tough sentence.,0,no
I don't know why you care about your phone spying on you. Your vacuum cleaner's been gathering dirt for years.,0,no
I haven't seen my twin brother since I left Australia. We were separated at Perth.,0,no
My girlfriend broke up with me for being too un-American. I saw it coming from a kilometer away.,0,no
"Just saw a guy running down the road with a cape on, so I shouted, Hey, are you a superhero? They yelled back, No, I didn't pay for my haircut. ",0,no
I finally figured out why I look so bad in pictures. It's my face.,0,no
I just found out the entire neighborhood attended a meeting about the one weirdo living on the block. It's odd they didn't invite me.,0,no
Did you hear about the non-binary serial killer? They slash them.,1,yes
We just found out that Grandpa is addicted to Viagra and nobody is taking it harder than Grandma.,1,yes
I saw my dad chopping up onions today and I cried. Onions was a good dog.,1,no
I finally realised my parents favoured my twin brother. It hit me when they asked me to blow up the balloons for a surprise birthday party.,0,no
"It took a while, though. My therapist told me that a great way to let go of your anger is to write letters to people you hate and then burn them. I did that and I feel much better now, but what do I do with the letters?",0,no
"I want to die like my grandfather did, peacefully in his sleep, not screaming in terror like the passengers on his bus.",1,yes
I accidentally gave my wife a glue stick instead of lipstick. She's still not talking to me.,0,no
I like to dip my balls in glitter. It's pretty nuts.,1,no
I recently joined a nudist colony. The first few days were the hardest.,1,yes
I've dedicated my whole life to finding a cure for insomnia. I won't rest until I've found it.,0,no
Remember when plastic surgery was a taboo subject? Now you mention Botox and no one raises an eyebrow.,0,no
What did the elephant say to the naked man? How do you breathe with that tiny thing?,1,no
Somebody said my dad's gay. Now I'm trying to work out which one.,0,no
I wrote a book on how not to fall down the stairs. It's a step-by-step guide.,0,no
The Egyptians claim there are no crocodiles in their country. I think they're in denial.,0,no
Why did the patient refuse to pay the proctologist for her butt lift? She said it still had a little crack in it.,0,no
I was reading a great article about glue the other day. I couldn't seem to put it down.,0,no
"In Japan they have something called sumo wrestling, when two thick people are pushing each other. I went to kentucky they have a same thing, it's called Walmart.",1,no
"Every time my grandma and I are at weddings together, she always look at me and be says ""you next"". So one time we went to a funeral together. And I looked at her and was like, ""you next"".",1,no
My wife asked me if I have seen the dog bowl. I said I didn't know he could.,0,no
What do you call a priest that becomes a lawyer? A father-in-law.,0,no
What do you call a record store owner's last wishes? His vinyl requests.,0,no
Why did the Mexican soccer team bring rope to the game? Because they wanted to tie the score.,0,no
What's the difference between a pregnant woman and a light bulb? You can't unscrew a pregnant woman.,1,no
"My penis was in the Guinness Book of World Records. But, the librarian told me to take it out.",1,yes
If somebody die by fire.. Do they get a discount on being cremated?,1,no
What does Santa Claus do at the annual Christmas fashion show? He slays.,0,no
"My wife absolutely hates it when our next door neighbor sunbathes topless in her yard. Personally, I'm on the fence.",1,no
Why did the terrorists get left out the secret plan? Because they were afraid he was gonna blow up their cover.,1,yes
How do you get a squirrel down from the tree?  Pull down your pants and show them your nuts.,1,no
Why did the girl feel pretty after she left her doctor's office? She was diagnosed with acute condition.,0,no
Why did the electrician get kicked out of the party? Because he doesn't know how to conduct himself.,0,no
What do female buildings wear to a house party?  A dress.,0,no
What happens when you smash a lemon without protection? You get lemonades.,1,no
"If you want to live drama-free, go to India. They don't have beef with anyone.",1,no
"What does Santa Claus say to Miss Claus when he caught her cheating? You ho, ho, ho.",1,no
Why was the grape mad at his dad? Because he wasn't there when he needed raisin.,0,no
What type of spread do cars use on sandwiches? Traffic jam.,0,no
What's it called when you kill yourself at the grocery store? Self checkout.,1,yes
Why do horses have low divorce rate? Because they have stable relationships.,0,no
Why did the farmer's wife leave him? Because he was always around the hoes.,1,yes
What do you call a fish arguing off the hook? A debate.,0,no
How did the chicken wing get pregnant? Because her man left the bone in.,1,no
What did the Indian boy say to his mother as he left for school? Mumbai.,0,no
What's a three-letter word that starts with gas? A car.,0,no
Why did the salad go to the studio? To get some beets.,0,no
"When I found out that my blow dryer wasn't waterproof, I was shocked.",0,no
Why did the mannequin drop out of high school? Because he's a dummy.,0,no
What do you call a casket at a redneck's funeral? A cracker barrel.,1,no
Why don't scientists trust atoms? Because they make up everything.,0,no
What is a Jewish person's favorite fighting style? Jiu Jitsu.,0,no
What do you call it when someone ships escargot? Snail mail.,0,no
Why was the robot a good dancer? Because he had algorhythm.,0,no
I only know 25 letters of the alphabet. I don't know why.,0,no
What does a shellfish get after they work out? Muscles.,0,no
Why don't eggs tell jokes? Because they might crack up.,0,no
What do you call a banker in a tree? A branch manager.,0,no
I used to hate pubic hair. But then it grew on me.,1,no
What do white people fear all year round? Seasons.,1,no
Why is June a lion's favorite month? Because its Pride Month.,0,no
What do you call a fish that practices law? Sushi.,0,no
What has two butts and kills people? An assassin.,0,no
Why did the pillow need a lawyer? He had a case.,0,no
What do you call dental x-rays? Toothpicks.,0,no
What do fat computers eat? Megabytes.,0,no
"A hotdog walks into a bar and orders a beer. The bartender replies, ""Sorry, we don't serve food here"".",0,no
"2 blondes are walking in the park and the 1st blonde says, ""LOOK! Dead bird!"" The 2nd blonde looks up into the sky and yells ""Where?!""",1,no
How does santa greet the three blonde sisters? Ho. Ho. Ho.,1,no
What do you do if a blonde throws a grenade at you? Pull the pin and throw it back.,1,no
What do you call a movie about a man trying to make a blond smart? Mission Impossible.,1,no
What two things in the air can make a blonde pregnant? Her Legs.,1,no
"Q: Why did the blonde get pulled over by the police?  A: Her headlights weren't working, so she was flashing people.",1,no
Q: How can you tell when a blonde has been driving your car? A: There is lipstick on the steering wheel from her blowing the horn.,1,no
Two blondes are walking down the road when one says ''Look at that dog with one eye!'' . The other blonde covers one of her eyes and says ''Where?'',0,no
Why is it good to have a blond in your car? You can park on places for disabled.,1,yes
"A man is passing a blonde and he says, ""Where are those legs going?"" and the blonde answers, ""They are going home for now unless something comes between them.""",1,no
Blonds are so dumb. I'm lucky my hair is yellow.,1,yes
Q: How do you get a blonde with one arm out of a tree? A: Wave to her.,1,no
Did you hear about the blonde who went shopping for lip-gloss? She wanted to pass the make-up exam.,1,no
How can you tell when a blonde is having a bad day? She has her tampon behind her ear and she cant find her pencil!,1,no
"Maths teacher asks a blonde girl what comes after 69?"" Essex girl replies ""you wash your face and rinse your mouth DUH...!""",1,no
"Santa Claus, a Boy Scout, and a smart blonde jump out of a plane. Who lands first? The Boy Scout, because the other two don't exist.",1,no
"There was a little boy and a little girl in a bathtub having a bath. Suddenly the little girl looked down at the boy.  ""Can I touch it?"" ""No way -- you already broke yours off!""",1,no
"A little boy was in his room playing with himself, when his father walked in.  ""Son! If you masturbate too much, you're gonna go blind!""  ""Dad,"" the boy said, ""I'm over here.""",1,yes
Children in the back of the car cause accidents.  Accidents in the back of the car cause children.,1,no
"What are the blonde's first words after 4 years of college?  ""Would you like fries with that?""",1,no
What do you call it when someone farts in a gay bar? A love call.,1,no
A woman went to a wishing well and wished that she could become a better driver. So she turned into a man.,1,no
"Wife: Will you love me when I'm old and ugly? Husband: Darling, of course I do.",1,no
Q: Why didn't the skeleton go to the dance? A: Because it had no body to go with.,0,no
"""How did you like my latest book, 'The Art of Levitation'?"" His companion replied, ""It kept me up all night.""",0,no
"Q: Did you hear the joke about the jump rope? A: No, I skipped it!",0,no
One day this cop pulls over a blonde for speeding. The cop gets out of his car and asks the blonde for her license.''You cops should get it together. One day you take away my license and the next day you ask me to show it.'',1,no
son: daddy daddy why are we pushing the car over a cliff? Dad: shhh!!! You'll wake grandma.,1,no
"A couple goes to an art gallery. They find a picture of a naked women with only her privates covered with leaves. The wife doesn't like it and moves on but the huband keeps looking. The wife asks, ""What are you waiting for?"" The husband replies, ""Autumn.""",1,no
"What's grey, crispy and hangs from the ceiling? An amateur electrician.",1,no
"A man was enquiring about Viagra to a pharmacist. The pharmacist said ""These pills work wonders for me, I can go for 3 hours!I only have to take one pill"" Interested the man asked ""Can you get it over the counter?""The pharmacists looked startled and replied ""Maybe if I take two pills!""",1,yes
"In the beginning, God created the earth and rested. Then God created Man and rested. Then God created Woman. Since then, neither God nor Man has rested.",1,no
Q: How do you make a blonde laugh on a Monday? A: You tell her a joke on Friday.,1,no
How do most men define marriage? A very expensive way to get your laundry done free.,1,no
Nothing tops a plain pizza.,0,no
How Long is a Chinese name. ,0,no
"How does a train eat? It goes *chew,chew*",0,no
I like my slaves how I like my coffee.. Free.,1,no
What do you call a communist sniper? A marxman.,0,no
What’s better than a Dad bod? A father figure.,0,no
My math teacher called me average... How mean!,0,no
"Broke my finger today, On the other hand i am ok.",0,no
"Regardless of price, Velcro is always a rip off.",0,no
How do you get a farm girl to like you? A tractor.,0,no
"The mountains aren't just funny, they're Hill areas.",0,no
Due to the quarantine I’ll only be telling inside jokes.,0,no
Do you know what the opposite of ladyfingers is? Mentos.,0,no
"What starts with T, ends with T, and is full of T? Teapot.",0,no
What do you call an orphan taking a selfie? A family photo.,1,no
If you rearrange the letters of MAILMEN they get really upset.,0,no
"Which is faster, hot or cold? Hot, because you can catch a cold.",0,no
What does a clock do when it’s hungry? It goes back four seconds.,0,no
"If number 666 is evil,then 25.8069758011 is the root of all evil. ",0,no
How do cops like their coffee? Black with a couple of shots in it.,1,no
I struggle with Roman Numerals until I get to 159. Then it just CLIX.,0,no
Why has Alabama man had sex with a clock? Because time is relative.,1,yes
I asked my German friend if he knew the square root of 81. He said no.,0,no
"If A is for apple and B is for banana, what is C for? Plastic explosives.",1,yes
Why is the letter B so cool? Because it’s sitting in the middle of the AC.,0,no
"What did the green grape say to the purple grape? Breathe, damn it! Breathe!",0,no
My wife told me to stop acting like a flamingo. So I had to put my foot down.,0,no
"If you think Thursdays are depressing, wait two days. It will be a sadder day.",0,no
"My wife asked me ""Is having a penis fun?"" I said, ""It has it's ups and downs.""",1,yes
"I’ll never forget my grandpas last words STOP SHAKING THE LADDER, IM GONNA FALL.",1,no
Justice is a dish best served cold. Because if it were served warm it would be justwater.,0,no
I'd never let my children watch the orchestra. There's too much sax and violins.,1,no
"When I was younger, I felt like a man trapped in a woman's body ... Then I was born.",0,no
How much sex does a person who likes both men and women have? Just enough to get Bi.,1,yes
How did the computer hackers get away from the scene of crime? They just ransomware.,0,no
"Scientists got bored watching the earth turn, so after 24 hours they called it a day.",0,no
If Jesus was real they wouldn't call it the crucifixion. They would call it crucifact.,1,no
What happens if the average number of bullies at a school goes up? The mean increases.,0,no
"Lance is an uncommon name nowdays, but in mediaeval times people were called lance a lot.",0,no
I gave up my seat to a blind person on the bus. Thats how i lost my job as a bus driver.,0,no
"There’s big penises and there’s small penises, but the best penis of all... Is happenis.",1,yes
I was wondering why music was coming from my printer.. Apparently the paper was Jamming.,0,no
I've run out of toilet paper and started using old newspapers instead. The times are rough.,0,no
"I have a russian friend who’s a sound engineer. And a Czech one too, and a Czech one too.
",0,no
"What’s the Fastest Growing City on Earth? The capital of Ireland. 

It’s Dublin every day.",0,no
"I bought my friend an Elephant for her room... She said ""thanks"". I said ""don't mention it"".",0,no
"If a father in Iraq gifts his daughter a new bag, what will she say? Thanks for the Baghdad!",0,no
I’ve asked so many people what LGBTQ stands for. So far no one has given me a straight answer.,0,no
I normally knock on the fridge door before I open it... Just in case there’s a salad dressing.,0,no
"Which 5 letter body part is long and flexible and contains the letters P, E, N, I and S? Spine.",1,yes
"A priest, an imam and a rabbit walk into a bloodbank. The rabbit says: ""I think i am a Type O.""",0,no
I always thought it would be difficult to have erectile dysfunction. But it can't be that hard.,1,yes
To every last man out there celebrating Fathers Day... All of you are real mother fuckers.,1,yes
Whats the difference between an american and a computer? An american doesn't have troubleshooting.,1,no
Did you know there’s no official training for a garbage collector? They just pick it up as they go.,0,no
How come no one at the kings table laughed when he farted? Because noble gases don't cause reaction.,0,no
"I'm furious that I can't write out 1, 1000, 51, 6, and 500 in Roman numerals. In fact, I M LI VI D.",0,no
"If having sex for money makes you a whore, having sex for free makes you a non profit whoreganization.",1,yes
I can always tell when someone is lying just by looking at them. I can tell when they're standing too.,0,no
Steve Jobs would have made a better president than Donald Trump… But that’s comparing apples to oranges.,1,no
"When I was a kid, my mother told me I could be anyone I wanted to be. Turns out identity theft is a crime.",0,no
"My friend told me, “Your wife and daughter look like twins!” I said, “Well, they were separated at birth.”",0,no
"Cop: I’m arresting you for illegally downloading the entire Wikipedia! Man: Wait, I can explain everything!",0,no
Today I launched a book aimed at 9-12 year olds. I’m proud to say I managed to hit one of the little brats!,1,no
My wife gave me an ultimatum. It was either her or my addiction to sweets. The decision was a piece of cake.,0,no
I bought my wife a fridge as an anniversary present. I can’t wait to see her face light up when she opens it.,0,no
"My wife called me a sex machine. Well, her exact words were, “You’re a fucking tool” but I knew what she meant.",1,yes
My friend was bragging that his new 3D printer can print a gun. Big deal. I have had a Canon printer for years.,0,no
I asked my wife if I was the only one she ever slept with. She said yes. The others were either sevens or eights.,1,no
"My friend said, “You have a BA, Masters and a Ph.D., but you still act like an idiot.” It was a third degree burn.",0,no
I told my wife we could still have a threesome during this Coronavirus pandemic. There would be six feet between us.,1,yes
This girl on Tinder asked me why I have an unlit cigarette in my picture... I told her I’m just looking for matches. ,0,no
I failed my Calculus exam because I was seated between two identical twins. It was hard to differentiate between them.,0,no
"I just had sex with a blind woman. She said I've got the biggest dick she's ever felt. I said stop, You're pulling my leg.",1,yes
"My friend Ty came first in the Beijing marathon, but wasn’t awarded a gold medal. The Chinese refuse to acknowledge Ty won.",1,no
I can't take my dog to the pond anymore because the ducks keep attacking him. That's what I get for buying a pure bread dog.,0,no
My brother had to quit his job as a weightlifter because he wasn't strong enough. He handed in his too weak notice yesterday.,0,no
Instead of a swear jar I have a negativity jar. Everytime I have a pessimistic thought I put a dollar in it. It's half empty.,0,no
"Women are refusing to sleep with men now that trump got re-elected. Apparently, my wife predicted the election two years ago!",1,no
Stopped by a roadside stand that said lobster tails $2. I paid my $2 and he said... Once upon a time there was this lobster...,0,no
"My son asks me, ""What does gay mean?"" Me:  ""It means 'happy,""  Son: ""Oh, so are you gay, then?"" Me: ""No, son, I have a wife.""",0,no
"I was walking down the street where the houses were numbered, 64k, 128k, 256k, 512k, and 1MB. That was a trip down memory lane.",0,no
"I saw a midget wearing a t-shirt with the slogan ""I hate black people"" on it... I thought to myself... ""that's a little racist""",1,yes
"I told my boss, “Sorry I’m late. I was having computer issues.” Boss: Hard drive?  Me: No, the commute was fine. It’s my laptop.",0,no
If you could get rid of one race which one would it be and why? I would get rid of the marathon. Running 26.2 miles is just crazy!,1,no
"My friend keeps saying ""cheer up man it could be worse, you could be stuck underground in a hole full of water"" I know he means well.",0,no
"I broke up with my girlfriend of 5 years because I found out she was a communist. I should have known, there were red flags everywhere.",0,no
"My landlord texted saying we need to meet up and talk about how high my heating bill is. I replied back: “Sure, my door is always open.”",0,no
A new strain of head lice is going around which is resistant to conventional treatments. That has left scientists scratching their heads.,0,no
"The owner of the tuxedo store kept hovering over me when I was browsing, so I asked him to leave me alone. He said, “Fine. Suit yourself.”",0,no
"By legalizing Cannabis and same-sex marriage we finally interpreted the bible correctly ""A man who lays with another man should be stoned"".",1,yes
"I told the cop, “You can’t write me a ticket. I have a marathon to run tomorrow.” The cop said, “Sir, that’s not how you play the race card.”",1,no
I got some devastating news from the hospital today. My dad was pronounced dead. I can’t believe I’ve been pronouncing it wrong all this time.,1,no
The mayor in my city just passed law that male best friends have to have lunch together at least once a week. Well it’s not a law it’s a mandate.,0,no
"After I was arrested, my ex-wife decided to hang a picture of my mugshot on the wall in her living room. But she still won't admit she framed me.",0,no
"I saw my wife, slightly drunk, yelling at the TV: “Don’t go in there! Don’t go in the church, you moron!” She is watching our wedding video again.",1,yes
"Three moles are moving down a tunnel. 1st mole says: “I smell sugar” 2nd mole says: “I smell cinnamon” 3rd mole says: “weird, I only smell molasses”",1,no
"If you’ve heard of Murphy’s law, which is that anything that can go wrong will go wrong, then have you heard of Cole’s law? It’s thinly sliced cabbage.",0,no
My wife found out I was cheating on her after she found all the letters I was hiding... She got mad and said she's never playing scrabble with me again.,0,no
"I said to my son, ""I need a battery so I can tell the time."" He asked, ""Is it for a clock?"" I answered... ""I don't know! That's why I need the battery!""",0,no
"It is really unfortunate that Islam, Judaism, and Christianity have been fighting each other for centuries. Hindus, on the other hand, never had any beef.",0,no
"My dad always said, “ Find a girl with an embarrassing tattoo and try to convince her to marry you.” “She knows how to make bad decisions and stick by them.”",0,no
"I asked my wife “So, do you think the cup is half full or half empty?” And you know what she said? “Please for the love of god could you stop wearing my bras!”",1,no
"The elderly wife in church turned to her husband and said, “I’ve just done a silent fart. What should I do?” He said, “Change the batteries in your hearing aid”.",0,no
"My boss said to me, “You are the worst train operator ever. How many trains have you derailed in the past year?” I said, “I’m not sure. It’s so hard to keep track.”",0,no
"After my wife gave birth, I asked the doctor how long it would be before we could have sex. The doctor winked at me and said, ""I'm off in 10. Meet me in the parking lot""",1,yes
I got fired from my job because I kept asking my customers whether they would prefer “Smoking” Or “Non- smoking”. Apparently the correct terms are “cremation” and “burial.”,1,no
"My wife screamed in pain during labor so I asked, “What’s wrong?”. She screamed. “These contractions are going to kill me!!” “I am sorry, honey,” I replied. “What is wrong?”",0,no
"Two robbers were robbing a liquor store when one robber grabs a bottle and asks the other robber ""is this whiskey?"" The other says ""yeah but not as whiskey as wobbing a bank""",0,no
My kid came out to me as trans and asked if I still accepted them for who they are. I told them quite clearly that I loved them no matter what they chose. I was being transparent.,0,no
I got fired from the sperm bank because every time someone walked in i' d say... Get a load of this guy!,1,yes
"I think the girl at the Airlines check-in just threatened me. She looked me dead in the eye and said, “Window or aisle?” I laughed in her face and replied, “Window or you’ll what?”",0,no
"My wife caught me standing on the bathroom scale, sucking in my stomach... “Ha­­! That’s not going to help,” she said. “Sure, it does,” I said. “It’s the only way I can see the numbers.”",0,no
What’s the most reliable part of the human body? Your fingers. You can always count on them.,0,no
"I saw my dwarf neighbor at a bus stop ""Jump in, I'll give you a lift home"" I said. ""Fuck off"" he shouted back. ""What an ungrateful little cunt"" I thought as I zipped up my backpack and continued my walk.",1,yes
"While at a restaurant, the waitress was totally flirting with me with my wife present. After she walked away, my wife said “She obviously has COVID!” “Why would you think that?” I asked. “Because she has no taste.”",0,no
"I asked my wife to describe me in 5 words. She said I'm mature, I'm moral, I'm pure, I'm polite and I'm perfect! Then she added that I also... ...had a fundamental lack of understanding about apostrophes and spaces...",0,no
"After my wife had given birth to our baby, the nurse asked me, ""Do you have a name yet?"" I said, ""Yes. Steve."" She giggled, ""Awww! That's a lovely name!"" I replied, ""Thanks."" ""But what do you think we should call the baby?""",0,no
"Mom and Dad are watching the evening news. Reporter: “Researchers have found that frequent orgasms can boost the immune system…” Mom winks and shoots dad a sly smile: “So now you know why you never get sick, honey!” Dad replies: “yeah, that’s because I’m self-medicated.”",1,yes
"Museum employee asks kids ""Does anyone know the difference between a Crocodile and an Alligator?"". I said: One will see you later and the other will see you in a while?
",0,no
I just got kicked out of a flat earth Facebook group because i asked if the 6 feet social distancing guideline had pushed anyone over the edge yet.,0,no
"Me, my wife and my daughter went to a restaurant. How many seats do we need? Two, Because my daughter is my wife.",1,no
Saw my crush at the market place. Her price was way too high.,1,no
"Son, when I was in Vietnam, I killed over a dozen men, and, Im ashamed to say some women and children too. Dad, youre only 42.",1,yes
I went fishing with a friend of mine today.  I didnt know that his liver worked so well as bait .,1,no
Whats the most useless thing a mute person can own? An Alexa.,0,no
With Kamala Harris in office what is she going to do.. Make the kitchen great again?,1,no
Why do Chinese kids hate football? Because they spend 19 hours a day making them.,1,no
"You know why Asians repopulate much faster than the people from the rest of the world? Because, usually the cancer cells reproduce faster than the normal cells.",1,yes
Why is a one handed person called a citizen of the world? Because you wouldn't exactly call him a two-wrist.,0,no
I just started watching amputee porn. Idk why but it seems to be missing something .,1,yes
I just had sex with the girl I have a crush on.. Can't wait to tell her when she wakes up.,1,yes
Whats the similarity between a Arabic airline and a B2 Spirit? Theyre both Bomber planes.,1,yes
I'd say the Amazon wildfire needs more mass media coverage.. But I think its spreading pretty fast already.,0,no
Epileptic people seem to do really well in performances. They always manage to seize the day .,1,no
It's hard waking at 4am for work........ Just so i can go to a child labor factory.....its so hard whipping kids. ,1,no
1980 - 2019 They said there would be flying cars by 2019 but the only things flying are bullets in classrooms.,1,no
"How do you start the worlds biggest brawl, By throwing a bone in the middle of Somalia.",1,no
"As a security guard, I make it a point to watch the playground closely. Although it does take a while to travel there.",1,no
What does the j in Germany stand for? It stands for Jews.,1,no
How do you call the remainings of the 9/11? Leftowers.,1,no
A recent study has shown that eventually 4 out of 10 black people will turn to drugs and crime. Just like the other 6. ,1,yes
"I had a look right at the moment when my wife was giving birth and it reminded me of my favourite bar burning down... It could be rebuilt but it would never be the same dark, cozy little drinking hole it once was.",1,no
"A biology teacher asked: ""What was the power house of the cell"". Tyrone wasn't the right answer aparently.",1,no
"So as an Aussie is asked by an American: ""where isn't there something trying to kill you"" The Aussie looks them in the eye and tell them ""school""",1,yes
Who has been the most helpful teacher in history? Hitler; he helped 6 million Jews to concentrate.,1,yes
"When I was young, my mum used to put food on a spoon and say, ""There's a train coming. There's a train coming."" We'd always eat it because we knew that if we didn't she wouldn't untie us from the railway line.",1,no
My niece wanted to learn to play the recorder. I started by teaching her blowing techniques.,1,no
My new girlfriend thinks I am a weirdo and a stalker. Well she is not my girlfriend just yet.,1,no
"I discovered that answering the door naked helps deter trick or treaters. Oh, here we go again, here's two dressed as policemen!",1,yes
How do you get rid of a paedophile stalking you? Grow up.,1,yes
What do my gardening tools and my girlfriend have in common? Both hoes get thrown in the garage when I'm done with them.,1,yes
"Wales announces new tourism slogan. Wales.  Where the men are men, and the sheep are nervous.",1,no
"My dad and I use play a game when i was younger He never gave it a name, so i called it dodge the beer bottle.",1,no
"My overweight son just unplugged the toaster and took it in the bathroom with him. ""Oh you're gonna eat in there too you fattie?"" I shouted.",1,yes
What do a pimp and a real estate agent have in common. They both own property.,1,yes
You know which memories are my favorite from church camp? The repressed ones.,1,no
"A girl in Syria went to a party, She had a blast. Guys were having a tough time picking her up. ",1,no
Most Asians are single.. because they barely see other people.,1,no
"A fairy, a unicorn, a good Mexican and a bad Mexican found a treasure chest. Who will take it ? The bad Mexican, as the others don't exist.",1,no
Football is a type of sport that most white people watch. Like most things. The White watch and the Black work.,1,no
Why didn't anyone want to play with the disabled kid? He was a real downer.,1,no
"You see black person on the other side of the lake through telescope, what do you feel after that? Recoil.",1,no
"My priest told me he was very interested in hearing about the abuse I suffered as a boy. Now I feel blessed after receiving his holy water, although its a bit sticky.",1,no
Why does the shower get so horny when you shower? Every naked person turns it on.,1,yes
What do you call a floating dog? A good buoy.,0,no
A Man walks into a Tavern....ohh you probably won't get this. It's an Inn joke.,0,no
Why cant geologists be good comedians? Their jokes are rocky from the start!,0,no
I've heard complaints about halal meat - they want it to be slaughtered the American way But what are the odds of a cow attending high school and getting shot by its classmates?,1,yes
"Do you take pride from your work? Yes, but my co-workers always seem to send out an Amber alert.",1,no
There are two types of hoes. The object and then the garden tool.,1,yes
Where do intergalactic keyboards go to drink?  Space Bars.,0,no
Why should you go dungeoneering before fighting a thai person? You'll need the immunity to traps. ,1,no
"I bought a universal remote today.  I was disappointed to find out that it does not, in fact, control the universe. Not even remotely.",0,no
What's common between archery and domestic violence? Hits and Missus.,1,yes
"I've just been outside, watching two silkworms race each other up a leaf. It ended in a tie.",0,no
"Once again I've entered the annual tightest hat competition in our town, this year I'm just hoping.. .. that I can pull it off.",0,no
Did you hear about the haunted house shortage? Many people have run out of them.,0,no
My friends threw me a housewarming party in my newly finished igloo last night.  Now Im homeless.,0,no
My Father-in-Law owned a bar There was a sign on the door reading ID required. I most always entered and asked if an ego was needed too. No one ever laughed.,0,no
A forest was cut down for a furniture company. A lot of those trees are just shelves of their former selves.,0,no
My professor of English as a second language told me that I needed to learn the two most important English words that would help me to open many doors: Push and Pull.,0,no
Dildos should not be used by woman. They are not dishwasher safe.,1,yes
How do you put a baby spaceship to sleep? You rocket.,0,no
"I had to go see the Doctor because there was carrots in my ears, and broccoli stuck up my nose. She took one look at me and said.. ..I can tell right away you're not eating right.",0,no
What kind of cheese is made backwards? Edam.,0,no
Why arent there any running jokes about snakes? Maybe because it doesnt have legs.,0,no
"I accidentally glued myself to my autobiography, but nobody seems to believe me... But thats my story, and I'm sticking to it!",0,no
Told the guy in the computer shop that I wanted a hard drive. He said I should try when it's icy on the roads.,0,no
"Without telling anyone, I swapped our double bed for a trampoline.. ..my Wife hit the roof !!",1,no
True house cleaners aren't just born... They're maid.,0,no
"It's pretty obvious, that if you run in front of a moving car, you will get tired. But if you run behind it.. ..do you just get exhausted ?",0,no
Went shopping for cherries and a microphone the other day. Bought a bing. Bought a boom.,0,no
I dont like spending to much time with my girlfriends family. Because her husband is getting suspicious.,1,no
Im dealing with a sexual assault lawsuit. Im so confused because corpses cant say no.,1,yes
How warm is a janitor's closet? Broom temperature.,0,no
"I've heard so much about the ""Eye Of The Tiger"" but how come no one talks about... ...the other four letters?",0,no
How does wearing your underwear as socks make you a winner? Your undie feated!,0,no
A child walked into my bar today.. Good. My blindfold is working perfectly.,1,no
What do Duracell and I have in common? We both last long once the light goes out.,1,no
What's the difference between a perfume shop and a school? You won't get arrested for spraying inside a perfume shop.,1,no
"Do you remember when you were a kid and whenever you cried, your parents would say, Ill give you a reason to cry!?"" I always thought they were going to hit me, not that they were going to destroy the housing market 20 years later.",0,no
I don't want my wife any longer.  Her height is perfect.,0,no
What was Frank Sinatra's last big hit? His wife.,1,no
"Do you know sign language? You should learn it, its pretty handy.",0,no
What kind of cats like to go bowling? Alley cats.,0,no
"Aviici: ""wake me up when it's all over"". We can't do that now, can we?",1,no
"They say you're as old as you feel.. Lately I've been feeling 4, 9 and 12.",1,no
When were women first allowed to see combat? When their husbands started drinking.,1,no
What classical composer do serial killers love the most? Chopin.,1,yes
White people play wheres Waldo. Black people play wheres daddy.,1,no
I wasn't going to get a brain transplant.... But then I changed my mind!,0,no
Where does Michael Phelps like to drink. He likes to drink at a dive bar.,0,no
A woman asked me what a creampie was I made sure to fill her in.,1,no
"Did you know you can't run through a campground? You can only ran, because it's past tents.",0,no
What's the worse thing about turning 16? Dad loses interest.,1,no
Why can't we make blacks as a gender? Because it just wouldn't work.,1,no
"""Oh my god there should be a law against sex this great"" Her: ""I think there is dad""",1,yes
How do construction workers party? They raise the roof.,0,no
How does an analog and digital clock spend a saturday night? They watch a movie.,0,no
What word in the dictionary is spelled incorrectly? Incorrectly.,0,no
Why are electricians the best journalists? They are always working on current events. ,0,no
Then there's that secret joke about the germ. Please don't spread it around.,0,no
What can you serve but not eat? Divorce papers.,0,no
Im a big fan of whiteboards... I find them quite re-markable.,0,no
So I was playing an FPS with my friends at school. Turns out you're supposed to use a computer.,1,no
2 twins chilling in class Then the quiet kid throws a paper aeroplane at them.,1,no
Why did the statistics professor refuse to use wifi? Because he loves data!,0,no
Went to a cinema in Kenya. I thought i was alone until a funny bit. ,1,no
"4, 6 and 8 and 9 have all been murdered... 2, 3, 5, and 7 are the prime suspects.",0,no
What do you call your home under the full moon? A warehouse!,0,no
Every year tampon companies give away defective tampons..No string attached.,0,no
What's the American national sport? Dodging bullets.,1,no
They say that the people on top usually have it the best... Tell that to the people on 9/11.,1,no
What do my anus and real estate have in common? my uncle likes to invest in them!,1,yes
"I'm a great magician Not only will I make your period disappear for 9 months, I'll disappear too!",1,no
What is the best thing about being a male nurse? Being in the same room as the unconscious women.,1,no
Whats the difference between a poor country and a rich one? The amount of colored people in it.,1,no
do you believe in love at first sight? No cause then how would blind people fall in love. ,1,no
Is Siri male or female? Female because you always have to tell her twice. ,1,no
Whats my girlfriends bra size? Well find out in 15 years.,1,no
On what basis that fertilization of the sperm and egg occur ? First cum first serve basis.,1,yes
Whats a rich persons favorite type of milk? 0.01,0,no
What's the most common order in a school cafeteria? Open fire.,1,no
"Grandpa sucked at charades. He tried to act out a heart attack, but ended up having one instead.",1,no
Why is there no dog breed called north korean shepherd? They ate them all.,1,no
Why doesn't NASA have any competitors? Because they destroyed their last challenger.,0,no
"Turns out my priest is into sayings He calls himself ""good things"" and calls me ""small packages"".",1,no
"The U.S. Mens Curling Team won the Gold, that’s the only time men hold brooms.",1,no
"How do you comfort a mentally ill child? ""Don't let an extra chromosome get you Down!""",1,no
What do short people in Minnesota like to drink? A Mini-soda.,0,no
I wanna be 8 again.... So I can love people of my own age.,1,no
The word queue is ironic. It's just q with a bunch of silent letters waiting in line.,0,no
How did the Grand Canyon get there? Two Jews dropped a quarter down a gopher hole.,1,no
Why is it hard to read a crowd of chemists? They have a lot of mixed reactions.,0,no
What is blue and has black spots? The mediterranean sea.,1,no
What did the sun say to the black hole? You suck.,0,no
What's similar between a gay man and an atom bomb? They both make men explode!,1,yes
"My mind is like Mt. Everest.. Cold, and full of trash.",0,no
What happens when you confuse lubricant and plastic glue? Your action figures fall apart.,0,no
Why are leopards no good at playing hide and seek? Because they're always spotted.,0,no
"My mom asked me if I helped my uncle jack off our horse I said mom, your brothers name is Kevin.",1,yes
What's the prefered font by Muslims? Impact.,1,no
They called for help so I came. Nothing gets me more excited than women screaming desperately,1,no
I haven't jerked off in almost a month  I guess you can say I haven't been feeling myself lately,1,yes
People Are Like Bread The burnt ones are put in the trash.,1,no
What do you do after having the best sex of your life ? Leave the McDonald's playplace.,1,no
What's the difference between me and this girl I'm sleeping with? I'm breathing,1,no
I told a girl she drew her eyebrows too high. She seemed surprised.,0,no
You look much better in person Than through my telescope.,1,no
I wanted to become a professional roller-blader. A pizza slicer just wasnt gonna cut it.,0,no
I'm so excited. My girlfriend and I took the next step in our relationship last night. She went from the being the girl in my binoculars to the girl in my basement.,1,no
Why was the DJ banned from the supermarket? He was stealing all the samples!,0,no
"A man was asked about his education, to which he responded I went to a college up north. I have a major in Pediatrics and a minor in my basement.",1,no
What does the H in women stand for? Humor.,1,no
How did the pilot like his hotdog? Plane.,0,no
Why was Cinderella banned from playing sports? Because she always ran away from the ball.,0,no
"I went to the nightclub yesterday! They played the Twist, so I did the Twist.They played the Cha-Cha Slide, so I did the Cha-Cha Slide.They played Come On Eileen. I'm banned from that nightclub, and I got a restraining order. They really sent mixed signals.",1,no
"Beard trimming is banned by the bible Which is odd, seeing as priests are so keen on grooming.",1,no
My son got his minecraft account banned. Apparently Digger Nick wasnt a valid name,1,no
Why does Drake love giving gifts? Hes really good at wrapping.,0,no
Went to china the other week and... it seems human cloning isn't banned there.,1,no
What rises when a woman sits on it? A camel.,1,no
Which vegetable scares a sailor? A leek.,0,no
What are a chocolate bar's preferred gender pronouns? Her/she.,0,no
I finally understood the end of the 6th Sense  All those names at the end were people who worked on the movie.,0,no
"I used to work at a stationery store. But, I didn't feel like I was going anywhere. So, I got a job at a travel agency.  Now, I know I'll be going places.",0,no
"My wife expressed her concern. ""Do you think our son is good enough to be a football job?"" I said, ""I think he'll manage.""",0,no
"My daughter asked me, ""Dad, why is your nose in the middle of your face?"" I smirked and replied...  ""Because it's the scenter.""",0,no
My family is all worried about my addiction to dot to dot puzzles. It's OK though because... I know where to draw the line!,0,no
Wife: We're not talking over the radio. This relationship is over.  Husband: This relationship is what? Over.,0,no
"They say the hardest thing a child experiences is a loss of a parent, Although my time with the church, my pastor shoved something harder down my throat.",1,no
My girlfriend left me because of my obsession with storytelling. I wonder how the next chapter in my life will go.,0,no
Why is there no winner to the most depressed person competition? All the players took the easy way out.,1,no
"Usually, I can accept the fact that Im ageing. But when I discovered my first grey hair last night... I thought Id dye!",0,no
My son was expelled from school recently. They had a Victorian themed day and he turned up with his black friend on a chain.,1,no
"A little girl is having a pretend dinner party with her teddy bear. She says, Do you want anything to eat, Mr. Bear? The bear replies, No thanks, Im stuffed.",0,no
"What's the difference between a spacecraft and an asteroid? A spacecraft is really light, an asteroid is a little meteor.",0,no
"Have you ever taken something apart, then looked around inside and put it back together only to realize you left some parts out? It's why I'm no longer a surgeon.",1,no
"My girlfriend just accused me of cheating, so I broke up with her. She was starting to sound just like my wife.",1,no
What's the difference between a Slipper and a Woman? At least slipper knows that its place is below a man's feet.,1,no
"What do Robin Williams and pictures of his family have in common? At one point, they were hanging in his house.",1,no
"Asked my wife what seats she wanted in the cinema. She said she wanted back seats. I said, ""Honey, *every* seat is for your back.""",0,no
I once tried to make a square but I ended up with an octagon. Thats what happens when you cut corners.,0,no
My dying wifes last wish was to see our daughter get married. Thank God for those fellas down at the mosque who was so eager to help they even picked up my daughter from day care.,1,no
I wonder what my parents did to fight boredom before the Internet was a thing? I asked my 17 brothers and sisters and they dont know either.,1,no
"They say when you are in the centre of attention and have stage fright, a good tip is to imagine the audience naked... Maybe not a good tip for primary school teachers.",1,yes
"A boy in school got an F in math, but why was his report card on the ceiling ? To get his grades up.",0,no
"My wife called me today while I was at work and said, Honey, Ive started to get contractions. I need you to drive to the hospital. Forty-five minutes later when I got there, I called her back and asked, Right Im here, what do you want me to do now?",0,no
If you and your friend are being chased by a bear. How fast should you run? Faster than your friend.,0,no
My daughter came home one day and told us she was getting into glass blowing I thought it sounded pretty cool until I found out her boyfriend's name was Bill Glass.,1,no
"Little Timmy had an STD but he never told anyone except his dad, why is this? Because he didn't want his dad to get it too.",1,no
"When the coroner's report came back, it stated that my toddler son had died due to neglect. Nothing to do with me then, I was in the pub.",1,yes
Did you know players in the NFL are not allowed to have pet birds? It's considered a personal fowl.,0,no
Watch me teach you how to cut a piece of wood just by looking at. You can then say that you saw it with your own two eyes.,0,no
"My ice despenser is leaking all over the floor, but I don't think I'll fix it... Because it's all water under the fridge.",0,no
What do you call a group of men whose wives are cheating on them? The army.,1,no
"My girlfriend wants me to choose between our relationship and my career as a reporter... Well, Ive got some news for her.",0,no
My grandfather had a condition in the past and couldn't focus well on something for a lot of time. Fortunately he got rid of this problem for the rest of his life when he got into a concentration camp.,1,no
Most of my sextapes are on DVD..  except for that gay one where I Blu-Ray.,1,yes
If you got anxiety... then dont worry about it. If you got depression then dont be sad about it. If you got bipolar try to calm down. If you self harm then.. dont beat yourself up.,1,no
My wife's the most racist person I've ever known. Even her clitoris has a pointy hood.,1,yes
"My girlfriend broke up with me because Im a compulsive gambler and ever since, all I can think about... ...is how to win her back.",0,no
"Not to brag but i just realised i like amateur porn i mean, i assume it's amateur porn, theres no way those kids are pros.",1,yes
The Pope wasnt happy because there was something wrong with his flute It was stuck in A Minor.,1,no
When did Adam & Eve find out God doesn't like gambling? When he took away their pair a dice.,0,no
I got some head from my therapist. It was a psychological blow.,1,no
What is a balloons least favorite kind of music? Pop music.,0,no
"Mommy, what were you doing bouncing on Daddy's stomach last night? ""I have to do that, or Daddy's belly gets very fat. Bouncing keeps him skinny."" That's not going to work. ""Why not?"" Because Tina the babysitter keeps blowing him back up again.",1,no
"I'd have to say my least favorite race of all would have to be the 200 meter, its too short but not long.",1,no
"A man buttons his shirt, and a button falls off... He then picks up his briefcase and the handle comes off. Then he reaches for the doorknob, and it comes off. He pulls on the car door handle, and it breaks off. He then wets his pants because he's too scared to go pee.",1,no
What microorganism holds its shape the best? Mold!,0,no
"I figured doing ten crunches a day would help flatten my gut. But on the third day, I got tired of those chocolate bars.",0,no
Ive been told crocodiles can grow up to 15 feet but Ive never seen one with more than four.,0,no
What is a Jews least favourite passageway? The hall of cost.,1,no
How did the shy person turn to stone? By becoming a little bolder.,0,no
"What did the icicle say to the other icicle? Nothing, they just hung out and chilled.",0,no
"We were about to play dodgeball in PE and the teacher told us that hitting someone in the face with a ball instantly disqualified you. One kid asked the gym teacher, so because of last night, neither of us is allowed to play?",1,no
Why should the schools in asia be shut down? Because the iphones aren't going to make themselves.,1,no
Why couldn't the Sargeant touch the cadets? Because he'd be touching his privates.,1,no
What is the most rudest thing in the world? Sending a downie to his room and he tell him to come back when he can act normal.,1,no
How are Restaurants and Online Shopping alike? You have to give your order to the server.,0,no
"What did the hotdog say to the bun?  Listen buddy, i'm going to be frank with you.",0,no
Whats the similarities between a pedo and a deck of cards ? They both stop at twelve.,1,yes
"i planted some vegetables in my garden, 8 years later, all it did was leave some bones for the dog to dig up.",1,no
They always say that only white people can go to space Thats not true. They sent a monkey up before a white person.,1,no
What does a ink pad and a woman have in common? Theyre both useless when they dry up.,1,no
Everybody is talking about the little kid inside them... But whenever I tell people I was inside a little kid for some reason the police always gets involved.,1,no
Why was Pavlov's beard so soft? Because he conditioned it.,0,no
"My dog swallowed my engagement ring last night, but luckily coughed it out when he barked.  There was a diamond in the ruff.",0,no
"I saw some black men signing their names on a wall using graffiti So I started to do the same, but I got the shit beat out of me after the first three letters. Apparently black people do not like people named Nigel.",1,no
How do you get mexican only customers... Build a wall around your business.,1,no
I have CDO... Its like OCD but all the letters are in alphabetical order as they should be.,0,no
"The house in which me, my brother and my mom lived, has burned down. I run outside, find my brother waiting there, and ask him:  Doesn't it smell like burnt sugar?   He tells me our mom has diabetes.",1,no
What do you call security guards working outside Samsung shops? Guardians of the Galaxy.,0,no
Me:Dad. I have a question about sex with my girlfriend. Dad: Yes my son. Me: Would you stop it..?,1,yes
Do you eat Monkeys?  Because I want to put Macauqe in your mouth.,1,no
"What does Boy in the Striped Pajamas and the Pokemon Anime series have in common? In both of them, the main character is Ash.",1,no
Why are there no cats on Mars? Because Curiosity killed them all.,1,yes
Why didn't the camgirl show up for work?  She wasn't feeling herself that day.,1,no
What do women's panties and nail polish have in common? They both come off with alcohol.,1,yes
"Did you hear about the little girl that went missing? No?Good, that means the cops haven't found out yet.",1,no
What kind of tree grows in your hand? A palm tree.,0,no
There was a lot of tension in the drug rehabilitation centre when I visited earlier. It was so quiet you could hear a needle drop.,1,no
What is the definition of confusion? 20 blind lesbians in a fish market.,1,no
How are playing chess and eating at an Australian restaurant similar? They both end with checkmate!,0,no
"Why did i rename my self ""money""? So my wife can finally blow me.",1,no
"Started a video tutorial series for non-handy depressed people, trying to help and motivate them to assemble their own furniture. I think the first episode was spot on 'How to hang your shelf'.",1,no
Apples emoji system is so poorly designed. The women emojis are in the smileys and people tab instead of the objects tab.,1,no
Did you hear about the guy who crashed and totalled his Ford? He lost his Focus.,0,no
I hate international ask-out-your-crush day. It's so embarrassing visiting the graveyard.,1,no
Why are Americans so good at solving Rubiks cubes? Because they are good at separating colours.,1,no
"What did the digital clock say to the grandfather clock? Look Dad, no hands!",0,no
Two jews are sitting on a bridge... The first one dips his feet in the water and shouts: It is cold! It is cold! The other one dips his nose and shouts: It is also very deep!,1,no
"When I noticed ""H I"" in the alphabet, I thought someone was actually going to be my friend! Then I saw the next two letters.",0,no
"How do you make 7 even? Take away the ""S"".",0,no
What do you call an educated woman? Intellectual property.,1,no
"So in school, my male teacher personally wanted to teach me sex ed one on one, but i was curious... is a 1st grader really supposed to be learning this?",1,yes
"Son: Dad, Im afraid of intelligent women... Father: Son, there is no need to be afraid of things that dont exist.",1,no
My son died due to a lack of exercise. He didn't run when the lorry was coming.,1,yes
Did you hear about what happened with the elk? It was really amoosing.,0,no
Why can't muslims play Pokemon? because they're against evolution.,1,no
"A doctor tells a kid in a wheelchair ""You'll need the wheelchair for only 2 more weeks."" The kid replies ""B-but the nurse said I'll need it for the rest of my life!?"" The doctor says ""That is also correct.""",1,no
"You hear about the gay guy who played in the NFL? He played tight end for a little bit, but got converted into a wide receiver.",1,no
What does a baby and the universe have in common? They both were created thanks to a Big Bang.,1,yes
"My wife: ""If women ruled the world , there would be no wars"". Me: ""Because war takes tactics and logic""",1,no
"The doctor said to me, You have a severe iron deficiency. ""I said, How did you know? I just walked in!"" He said, ""Your shirt is all wrinkled.""",0,no
"After my memory loss, I couldn't remember the other word for 'couch'.  I've been having a hard time recalling it sofa.",0,no
What do a bad golfer and a fat man have in common? They're both destined for a few too many strokes.,1,no
My uncle's New year's resolution is to get into shape. Makes me regret naming my daughter Shape.,1,no
Why was the chicken rancher's daughter so popular at school? She knew how to raise cocks.,1,yes
How do you spy on someones dreams? You go undercover.,0,no
"What do you do with sick chemist? If you can't helium, or curium, you can always barium.",0,no
"Insurance clerk: ""Where were you born, Sir?"" Man: ""In the United States."" Insurance clerk: ""OK, and which part?"" Man: ""My entire body.""",0,no
How does a fish always know how much they weigh? Because they have their own scales!,0,no
"How can you tell all priests are gay? Theyre on their knees every night, asking a man to come a second time.",1,no
"My psychiatrist diagnosed me with ""multiple personality disorder""... but we don't believe him.",0,no
"What was the New York business mans last words? ""Oh my god! Is that a plane?""",1,no
Did you hear about the new international school rankings? Some American schools shot up the ranks.,1,no
"What did the kleptomaniac say to the car salesman? ""I'll take it from here.""",0,no
I was going to type down a cashier joke.. But I didnt think that would make any cents.,0,no
Whats an autistic persons favorite cell phone carrier? Spectrum.,1,no
"What did the superhero who could walk through walls, say when he had a bad day? Im going through some stuff.",0,no
What's the difference between your shadow and the shadow of someone from Hiroshima? Your shadow can move.,1,no
What language do they speak in Holland? Hollandaise.,0,no
My father is a great mortician I idolize him since I was a kid. But is it weird that the bodies that he works on were always screaming?,1,yes
"Dont forget to set your clocks back tonight. But not too far back, we dont want to be like America whos still stuck in the 1800s.",0,no
The circle is just the most ridiculous shape in the world... There's absolutely no point to it.,0,no
What type of culture is most peaceful and never gets angry? Nomads!,0,no
"I've just published a new book about the reality of sexism and racism in society. I made sure to include lots of pictures in the book, so women and blacks can understand it too.",1,yes
What's the difference between a cat and an emo? The cat still has 8 other lives.,1,no
Some people have trouble sleeping... ...but I can do it with my eyes closed.,0,no
"Words in my mouth A newlywed couple move into a new house. After a couple of weeks the man decides to have a tattoo saying ""I love you"" put onto his dick. Three weeks later, the wife files a divorce. When asked why, she tells the husband 'You keep putting words in my mouth'",1,yes
"The first girl I ever dated just messaged me and said shell be in town for a day and wants to meet up. The only bad part is it happens to be the same day as my dads birthday. So now I have to choose between the person I lost my virginity to, and my ex girlfriend.",1,no
How much do dead batteries cost? Nothing. They are free of charge.,0,no
"Ladies, do you want longer and thicker lashes? Try showing some ankles in Saudi Arabia.",1,no
What is the difference between one yard and two yards? A fence.,0,no
What do you call a truthful piece of paper? Fax.,0,no
What do gamers plant in their garden? Skill trees!,0,no
Priest: Children we are going to do a play. I'll be Moses.Timmy take off your pants.Timmy: Why? Priest: You will be the red sea.,1,no
"In Hindi language, the word for iron press is 'stree', which is also a synonym to the word women. Just the way God intended it to be.",1,no
Why shouldn't you get in a fight with a locomotive? Because they've been training their whole life.,0,no
"What do you call a dog who's been neutered? It doesn't matter what you call it, it isn't coming.",1,no
So I just met the cheapest person I know His name is Amari and he was only 10 bucks at the slave auction.,1,no
What's the difference between a yoga ball and a person in a wheelchair. The yoga ball doesn't scream when I push it down the stairs.,1,no
So my grandfather survived Auchwitz. Im not sure why people act so suprised when I tell them that. The guards usually lived.,1,yes
I was playing CS:GO and I heard gunshots. I thought an enemy was behind me. Turns out my American friend had his mic on.,1,no
"What's heavy when it enters the school, and lighter when it leaves the school? The magazine of MP5.",1,no
Why did the pie go to the dentist? It needed a filling.,0,no
What do u call a car ride in the hood? A Safari.,1,no
How much does a Chinese elephant weigh? Wonton.,0,no
My sister and I take games very seriously So I don't understand why my parents were crying when they saw my sister playing hangman.,1,no
"My favorite Kahoot name is, ""The Jew"" Because when I'm on a streak it says, ""The Jew is on fire.""",1,no
"I went whit my kid in the park , after he saw a black kid eating a icecream. He asked me to buy him one , but I told him that now  is illegal.",1,no
Where you can get chicken broth in bulk? The stock market.,0,no
"I'll never forget my best friends last words to me just before he died. ""Are you sure that guns fake?""",1,yes
How is a birthday cake different from a pedo? Kids get to wish before they blow.,1,yes
Why you shouldn't drive a car to the movie cinema? Because cars might have spoilers.,0,no
"A fire broke out at a local mosque yesterday... So, as a good citizen and a good neighbor, I sent a message about it to the local fire department.I sure do hope they do something about it, because otherwise it would waste all the money I spent on a first class mail stamp.",1,no
"What's the difference between Disneyland America and Disneyland Thailand? In Thailand, you pay extra for the happy ending with each ride.",1,no
"What do you say to your diabetic friend when they are about to sleep? ""Sweet Dreams""",1,no
Want to know why my shoulder makes a terrible GPS? It often gets dislocated.,0,no
Do you have trouble Concentrating? I heard Poland has camps for that.,1,no
What do you call beef that's been burned? A mis-steak.,0,no
"When I asked my friend, When did you realise when you werent a kid anymore? She answered, When my neighbour stopped checking me out.",1,no
"I've just seen a poor old lady fall over and knock herself out   Well, I think she's poor.  She's only got a fiver in her handbag.",1,no
Whats the difference between a Japanese and a police man? Japanese people rest their knees on the floor while sitting.,1,no
Whats the big deal about unprotected sex? Just do it raw. They cant get pregnant if they havent had their period yet.,1,yes
What's the worst thing to ask someone who has recently lost a child? Have you found them yet?,1,no
Why did the mortgage broker go out of business? ...because he lost interest.,0,no
"One potato asks another: ""Are you sure we are related?"" - ""Yes I yam!""",0,no
What do you say to a trans colleague asking how to do a task? Let me show you the ropes.,1,no
What did the traffic light say to the car?  Don't look at me I'm changing.,0,no
Why should you ask a black person if you cant decide what movie to watch? theyre great at picking things.,1,no
Why do golfers take extra pair of socks when they go play a round? In case they get a hole in one.,0,no
What animal is best at hitting a baseball? A bat!,0,no
"A Man takes his Son on an extended vacation. The son asks, Dad...can we go home now? I miss Mom and I keep seeing our faces on the news.",1,no
"My son believes he was born in the wrong body. Well, he's right to an extent. His mother certainly doesn't have the right body.",1,no
"""Hey Dad, have you seen my sunglasses?"" ""No, son. Have you seen my dad glasses?""",0,no
Did you hear why Rosemary was always late? She had nothing but thyme.,0,no
Have you heard about the squirrel diet? It's totally nuts!,0,no
"What did the pony say when he had a sore throat? Pardon me, I'm just a little hoarse.",0,no
"What does a cardiologist like for dinner? Doesnt matter, as long as its hearty.",0,no
This dermatologist waits a month to diagnose a skin disorder... She's reluctant to make a rash decision.,0,no
What is the difference between a blonde and an ironing board? An ironing boards legs are hard to open.,1,no
"I'm gonna name my first child The Door So if people ask if it's me banging The Door, I can say yes.",1,yes
I can't seem to find the controller for the TV. But I know it's in a remote location.,0,no
Some people say it's sick and perverted to be a flasher. I think it shows lot of balls.,1,yes
What did the policeman say to his belly button? Your under a vest.,0,no
I just won a paintball match with my friends. It turns out that using a real gun is a big help as it has only one downside that only red color is available.,1,no
So you say your job is to drive a vehicle for someone else... But what do you have to chauffeur that?,0,no
"Children Suck.. I mean not very well, but for a quarter its worth it.",1,yes
What's an astronauts favorite part of a computer? The space bar.,0,no
Which kinds of snakes are found on cars? Windshield vipers.,0,no
How do you know if a sniper likes you? He misses you.,1,no
I somehow managed to make it through high school math while only being able to remember even numbers... What are the odds?,0,no
I drew something at the hospital that made patients scream. They stopped screaming after I finished firing.,1,no
Why does a polar bear have white fur on top of its black skin? So it can hide from the police.,1,no
Why aren't there any black ninjas? Because when they smiled it would give away their position.,1,no
What is the most sensitive part on mans body while he is masturbating.  His ears.,1,yes
The kid from Toy Story never left his toys... So when he turned 30 he was still playing with his own Woody.,1,no
Ive got this awful disease where I cant stop telling airport jokes... The doctor says its terminal.,0,no
To the person who stole my glasses I will find you. I have contacts.,0,no
Have you guys heard about the new Muslim dating site called Minder? I hear it's really blowing up these days.,1,no
I told my school councillor about my rape experience. He seemed to have a really good memory.,1,yes
What do you call someone who majors in geology and astronomy? A rockstar.,0,no
A young man robbed a bank wearing a suit made of many mirrors... But he turned himself in after taking some time to reflect. Luckily the judge was lenient as he saw a lot of himself in the young man.,0,no
"I asked out a girl but she said she was underage. So I said, ""I was hoping for the Beauty and the Beast but now it's the child and the priest.""",1,no
I didn't really enjoy my first kiss. Because I forgot to take the duct tape off.,1,no
"What does the ""p"" in ""blacks"" stand for? Productive members of society.",1,no
What was the weather in Aushwitz ? Hot like a furnace.,1,no
Why can black people break the laws of physics? Because they already know how to break every other law.,1,no
"I yelled at my wife from thebedroom asking, ""Do you ever get a shooting pain across your body like someone's got a voodoo doll of you and they're poking it? She replied, ""No."" So I yelled back, ""How about now?""",1,no
"A jew, a muslim and a catholic person were sitting on a park bench, a dog came and bite the jew. It was a german shephard.",1,no
"Feeling pretty proud of myself...  The Sesame Street puzzle I bought said 3-5 years, but I finished it in 18 months.",0,no
"What did the African-American man buy his wife for Valentine's Day? I don't know, but I bet it was stolen.",1,no
My classmates laughed at my chalk drawing... ...So I laughed at their chalk outline.,1,no
What is the best thing about alzheimer's? Making a new friend everyday.,1,no
The pack of razors didnt have a barcode on it So I used an emo's wrist.,1,no
Someone asked me how electricity is measured. I was like... Watt?,0,no
"I looked longingly into my beloved's eyes and whispered ""A...E...I...O...U...and sometimes, Y."" The priest then turned to her. ""And has the bride prepared any wedding vowels?""",0,no
"Math Teacher: ""If I have 5 bottles in one hand and 6 in the other hand, what do I have?"" Student: ""A drinking problem.""",1,no
My friend that only dates Asian girls just started dating his ex-girlfriend again  And I don't know if I should tell him.,1,no
"Metaphors are weird. They say things like ""The theif was caught red handed"", when their hands are actually black.",1,no
Hows a hooker like George Washington? They both have wood in their mouth.,1,yes
Up next: How to sound good in a band... Stay tuned!!,0,no
"Just thought I'd nip over to my Nan's, and fair play to her, at 96, she had all the Halloween decorations up, cobwebs and insects in the windows and a skeleton on the couch. She always makes a big effort, but there was no answer...I'll pop back next year.",1,no
They say that the criminal always returns to the scene of the crime. Is that why there are so many Australians travelling to Britain?,1,no
There's this new dating site that tells you a lot of info about your date.. It's name is something like amber alert.,1,no
"How did Beethoven deal with all the criticism he received? He said to them, ""I can't hear you.""",0,no
Why would a tennis player make a really good dad? He has a good backhand.,1,no
What does Albert Einstein masturbate with? With a stroke of genius.,1,yes
Whats another way of saying blackout? Prison break.,1,no
How to you fix a broken tomato? With tomato paste.,0,no
What do a woman and a carton of milk have in common? You have to push back the flaps to get to the good part.,1,no
"The doctor told me I had onomatopoeia, so I asked, Whats that? He said, Its exactly what it sounds like.",0,no
Some people were selling magzines at my school. So sad that they didn't have any 5.56.,1,no
"My teacher asked me to submit a 1,000 word essay, but I couldnt be bothered... So I handed in a picture instead.",0,no
"Q: Is Google male or female? A:Female, because it doesn't let you finish a sentence before making a suggestion!",1,no
What do you call a house made of feathers? A light house.,0,no
"My Boss keeps telling me that I'm the worst train driver ever. ""How many have you derailed this year so far?"" ..Dunno, I said. It's hard to keep track.",0,no
That guy was so nice to the pantless girl freezing in the streets. He lent her his genes to keep her warm.,1,no
"They say white noise can help you fall asleep, so I wanted to try black noise, but the sound of gun shots keeps me awake.",1,yes
"Why was the weak man stuck with all that debt? No matter what he tried, he just couldn't budge it.",0,no
How to you get someone at a bar to stop bothering you? Put a couple rounds into them.,1,no
My friend said he had a butterfly in his stomach. So I took the knife out.,1,no
Why did Moby Dick visit the doctor? He wasn't feeling whale.,0,no
Why cant banks keep secrets? There are too many tellers.,0,no
In the past there has been many examples of black actors being snubbed from winning Oscar's purely because of the color of their skin. And no greater example then the black actor who didnt even get nominated for his portrayal of King Kong. Disgraceful.,1,no
I always wondered why are cars from Mercedes and BMW named with numbers instead of names... But then I realized that has always been a German thing.,1,no
"What's hard and hairy on the outside, soft and wet on the inside, starts with a 'C' ends in a 'T' and has a 'U' and an 'N' in it? coconut.",1,no
"i heard make up brands stopped using animal testing it didnt make sense anyway, some lipstick only compliments white people.",1,no
"What part of the body is the last to stop working after dying? The pupils, because they dilate.",1,yes
Can you guess why the girl I saw in prison today looked so adorable? She had just been electro-cuted.,1,no
Why did the sun decide not to attend college? Because it already had thousands of degrees.,0,no
Why are giraffes slow to apologize?  It takes them a long time to swallow their pride.,0,no
How do you stop your kids from having premarital sex? Stop taking them to Church.,1,yes
"Two horses are standing in a field. ""I'm so hungry I could eat a horse"" Says the first. ""Moo!"" says the second",0,no
"A man walks into a bar with a slab of asphalt under his arm and says: ""A beer please, and one for the road.""",0,no
"I just bought an expensive car, only to find the reverse gear broken... Theres no going back now.",0,no
"The last thing my dad said to me was... Son, could you kick this chair?",1,no
What do a Dyson and a $100 bill have in common? You can use either to pick up a Jew.,1,no
I work as a waiter... The pay isnt great but I put food on the table.,0,no
Why didn't the truck go back to work after it got new wheels? Because it was retired!,0,no
I would've told you a joke about infinity... But I don't think there's an end to it.,0,no
Why are Asian wives are always happy ? Cause they are taught to find happiness in little things.,1,no
What do you call an Egyptian doctor who works on peoples backs? A Cairopractor!,0,no
If you spent your day in a well... ...can you say your day was well-spent?,0,no
*Me buying a punching bag* Wife + daughters: Are we that useless?,1,no
"What did the little boy say to the fat man? ""Where we dropping?""",1,no
"What's the difference between weather and climate? You cant weather a tree, but you can climb it.",0,no
"What is the worst advice to give a person suffering from erectile dysfunction? Keep it up, buddy.",1,yes
What is a horses primary concern when voting? A stable economy.,0,no
What do you call something thats rad but not too rad? Radish.,0,no
I get so clumsy around girls when I'm drunk. I accidently start dropping my pills in their drinks.,1,no
What did the Minnesota cop do after he turned off the TV? He shot it.,1,yes
How do you know when an Asian is rich? Their name is Cha Ching.,1,no
Whats an Asians favorite song? All around me are familiar faces.,1,no
Why do people say Asians don't know how to party? I mean Japan had the biggest blast in history.,1,no
Asian conjoined twins loved road markings. But what's their favourite? Double yellows.,1,no
What is white and works in KFC? The light switch.,1,no
What does the B in Africa stand for? Education.,1,no
Why did the limbless guy not want to clean his house? He wasn't comfortable with the task at hand.,1,no
What is the difference between Kobe Bryant and Christmas Music? Christmas Music will play again next year.,1,no
Whats the best part about having a dog with Parkinson? You don't have to teach them to shake.,1,no
What is the difference between a sad person and a happy person? The sad person is married.,1,no
Is it gay if a guy shaved his butt? Its only weird if he is expecting a house visit.,1,no
Why do seagulls live by the sea? Because if they lived by the bay theyd be bagels.,0,no
"Mohamed pulled out his strange calculator in class, lets just say they had a blast.",1,no
"I took my friends ""L"" shaped vape. Now he keeps hyperventilating for some reason.",1,no
"I got a reversible jacket for Christmas, I can't wait to see how it turns out.",0,no
A man wanted to name his son a very long name... ...so he named him Miles.,0,no
"How do pedophile story-tellers conclude their fairy tales? The say ""amen"".",1,yes
I did some homework about Chinese people. It was a copy and paste job.,1,no
What do you call writing down the names of criminals? Blacklisting.,1,no
Whats the reason for the Chinese Zodiac? It decides their meal.,1,no
"What's hard to pick up, but easy to put down? A heavy dog.",1,no
What does a thesaurus eat for breakfast? A synonym roll.,0,no
What makes a lower case o into a upper case O? Prison.,0,no
What is a martian's favourite chocolate? A mars bar.,0,no
What can you throw but cannot catch? A party.,0,no
How do you cut the sea in half? With a seesaw.,0,no
What do you call a deteriorating car? A Carrot!,0,no
What genre are national anthems? Country music.,0,no
What does my iPhone drink to refuel? Apple juice.,0,no
What do you call a corrupted IPhone? A bad apple.,0,no
What noise does a chicken's phone make? Wing wing.,0,no
Whats a japenese persons favorite candy? Warheads.,1,no
Why is the grass so dangerous? It's full of blades.,0,no
What kind of bird sticks to sweaters? A vel-crow.,0,no
How do you tie your shoes in space? With astronauts.,0,no
Where does the sun keep its money? Daylight savings.,0,no
When does one play a corny game? You play it by ear.,0,no
How do you call a black man's hormones? Testostyrone.,1,no
What do you call a fictional country? Imagine-nation.,0,no
"Apparently, they're not making shortbread any longer.",0,no
How do you say six million in Spanish? el holocausto.,1,no
Are you a shark? Cuz I have some swimmers to swallow.,1,no
In which country do sheep fall from the sky? Bahrain!,0,no
"Hey girl, Im no taxidermist.. But Ill stuff that beaver.",1,no
What do you call a ghosts their parents? Transparents.,0,no
What is the best battle royal game? American schools.,1,no
If there is MasterCard... Why isnt there a SlaveCard?,1,no
What rock group has four guys who can't sing? Mount Rushmore.,0,no
"Why do Cyclops have trouble spelling Hawaii? You need two ""i's"".",0,no
Did you hear about the neutron who was arrested? He was held without charge.,0,no
"What's the longest word in the dictionary? ""Smiles"" because there is a mile between each S!",0,no
I stopped being breastfed at 3. But enough about my day.,1,no
What's the definition of a will? It's a dead giveaway.,0,no
What do you call a smart slave? Intellectual property.,1,no
What's the opposite of drunken noodles?  Soba noodles!,0,no
What kind of bicycle do thieves love most? Steel bikes.,0,no
What's the purpose of our skin? To determine our value.,1,no
Whats better than eating a mandarin? Eating Amanda out.,1,no
Why do black people not like amusement parks? Whiplash.,1,no
My son takes after his mother. He is also great in bed!,1,no
What do you call a mediocre civilization? A So-society.,0,no
What do you call the Black Incredibles? The Arrestables.,1,no
What do you do when there's a blackout? Lock your doors.,1,no
How did the workers at Chernobyl get paid? In exposure.,1,no
What do you call friends you like to eat with? Tastebuds!,0,no
Whats it called when blue cheese goes bad? Black cheese.,1,no
What do you call an arab eating ASMR channel ? A mukBANG.,1,no
What's Usain Bolt's favourite remote button? Fast forward.,0,no
What do you need to win a chess game in Prague? Czechmate.,0,no
What code did the Vikings use for telegraphs? Norse Code.,0,no
What do you hear when a crazy person sings? Looney tunes.,0,no
What is the biggest escape room in the world? North Korea.,1,no
What is always about to come but never does? My girlfriend.,1,no
Why do origami businesses fail? They fold too easily.,0,no
"A guy with parkinsons went to the bathroom to pee, He came.",1,no
I once dated a magazine collector... She had some issues.,0,no
Lightning doesn't strike twice. But atomic bombs have done.,1,yes
My Friends call me Nintendo switch. Because minors turn me on.,1,no
How do you decorate a canoe for Christmas? With oar-naments.,0,no
Why was the waiter so good at tennis? She knew how to serve.,0,no
I couldnt work out how to fasten my seatbelt Then it clicked.,0,no
What do you call a snake that is 3.14 meters long? A pi-thon.,0,no
Why do religious people not like trigonometry? Cos it's a sin.,0,no
What do you call it when you burn your vegetables? Hot wheels.,1,no
How does an electrician prepare for traveling? He packs light.,0,no
You know what I find odd? Numbers that are not divisible by 2.,0,no
Why is coffee black? Because it steals the sleepiness from you.,1,no
How do you fit 100 cubans in a shoe box? Tell them it's a raft.,1,no
Why did the comedian have a stiff neck? Because he slept funny.,0,no
What hobby do black people and Mexicans share? Climbing fences.,1,no
How to you send an apology by telegraph? By using remorse code.,0,no
I like my iPhone yellow... So I can always remember who made it.,1,no
Is my name taxes.. Because my dads been evading me his whole life.,1,no
Why do math books look so sad Because they are full of problems.,0,no
What do you call two lesbians on birth control? Safety Scissors.,1,no
I thought I broke my sewing machine... ...but it seams fine now.,0,no
What do you get when you hire a Jewish road contractor? Ashphalt.,1,no
What do gay scientists spend the most time studying? Black holes.,1,no
What does garlic do when it gets hot? It takes its cloves off.,0,no
"""Dad, where's the thing to peel potatoes?"" ""She's shopping!""",1,no
What lake do black people visit on their free time? Lake George.,1,no
What do you call a dancer with an extra chromosome? A slow dancer.,1,no
What kind of loan do you take for a black person? A property loan.,1,no
What do tight pants and cheap hotels have in common? No ballroom.,1,no
"If we call guns firearms, what do you call squirt guns? Waterarms.",0,no
What does a painter do when he gets cold? He puts on another coat.,0,no
How do hot volleyball players like their drinks? Tall and spiked.,1,no
How is a judge like a teacher? They both hand out long sentences.,0,no
What does a COVID-19 patient order from Starbucks? A venti latte.,1,no
What do you call it when you are confused by a laser? Beam-Boozled!,0,no
"I dared a transgender man to do something, but he declined. I guess he has no balls.",1,no
What do you say to a hunter after a good hunt? Dude! You killed it!,0,no
How do you tactically bring down a big corporation? With two planes.,1,no
Last week I went shopping for camoflauge pants but I didn't see any.,0,no
When can children see through walls? When they have adult supervision.,0,no
My friend has got a butler who only has one arm... Serves him right.,0,no
What is inappropriate in plural but is appropriate in singular? sea man.,1,no
Whyd the man kill the masseuse? Because he got rubbed the wrong way.,1,yes
How do you know the moon is going broke? It's down to its last quarter.,0,no
What do you call a factory that makes okay products? A satisfactory.,0,no
What do you call a monster who plays tricks on Halloween? Prankenstein.,0,no
Anyone know what separates Iceland from Ireland..? Just a single Sea.,0,no
"What age group dances the best? Old People, they just cant stop shaking.",1,no
How did the pharaoh get so rich? He was running a huge pyramid scheme.,0,no
I wanted to learn to drive a stick shift... But I couldn't find a manual.,0,no
Why did the man hide from the Bartender? Because the man's name was Bart.,0,no
"Using a movie title, how would you describe 2020? No country for old men.",1,no
Why are windows terrible at lying? Because you can see right through them.,0,no
What do you call a Tungsten Holmium compound with a Doctorate?  Doctor Who.,0,no
The person who came up with the word tutu... must've put tu & tu together.,0,no
What do you call a philosopher that enjoys making people jump? Aristartle.,0,no
what do you call a vampire that sucks mucus instead of blood? nose-feratu!,0,no
Why did the photographer buy a shotgun? To get the whole class in one shot.,1,yes
Why do trees look a little suspicious on sunny days? They seem a bit shady.,0,no
Im starting to think my dads a rob. Because hes being charged with battery.,1,no
When does a pentagon have only four sides? When it's intersected by a plane.,1,no
How do you treat a wounded lemon? With a sour patch.,1,no
Why is canned Parmesan cheese the most family-friendly? It's always G rated.,0,no
Why did the black man's plant died? because sunlight can't reach their cell.,1,yes
Why is chinese the best race? They can do everything with their eyes closed.,1,no
How do the earths tectonic plates greet each other? They shake!,0,no
"Did you know a lot of priests spent their time womanizing? Nah, just kidding.",1,no
Why did the crippled want to get into auto repair? To learn basic motor skills.,1,yes
Why dont girls wear skirts during the winter? So their lips dont get chapped.,1,no
Sex is like Algebra Im really bad at it but Mr Reed keeps forcing me to do it.,1,yes
Why cant Ahmad solve math equation? Cause his calculator can only do countdown.,1,no
Why are walls typically white? So the contrast between wall and robber is good.,1,no
God made man. Man made everything. Except sandwiches. Which is a woman's job.,1,no
What is the easiest way to remove bubble gum that got stuck in hair? Leukemia.,1,no
"Who lives under the sea, but not in a pineapple? Malaysia Airlines flight 370.",1,no
Got admitted in a top school in USA. The dress code was - a bulletproof jacket.,1,no
How do you buy a good rope on the internet? The less reviews it has the better.,1,no
Why did the gay Alabamans move to Philadelphia? Its the city of brotherly love.,1,no
What did the 16 year old Arab girl get on her birthday? A marriage certificate.,1,no
What do flowers and chloroform have in common? Both can help you to get a girl.,1,no
Why does black people like astronomy? Because they like the idea of dark matter.,1,no
How did Germany increase its GDP per capita during WW2? By reducing its capita.,1,no
What do you get if you cross a computer with a vampire bat? Love at first byte.,0,no
"What kind of men is the worst ? The disable one, they never stand up for woman.",1,no
I tell ya.. some parents love my magic tricks! Every time I show up kids disappear.,1,no
Why did the man refuse to throw out his recliner? Because they go waaaaaay back.,0,no
"Did anyone hear about the rumor about butter? If not, dont worry I wont spread it.",0,no
Apparently one in three people cheat. I wonder if it's my wife or my girlfriend.,1,no
My doctor told me to cut down on sodium. I took his advice with a pinch of salt.,0,no
"Want to hear my construction joke? You'll have to wait, i'm still working on it.",0,no
"I like black people, I used to have some black friends.. 'till my dad sold them!",1,no
What does a game of pool and an orgy have in common? The black one goes in last.,1,no
my atheist friend asked me to show him my god.. so i did by sending him there.,1,no
Did you hear about that new Indian dating service? Its called Connect the Dots.,1,no
Why is there very little honey in Belgium? Because there is only one B in Belgium,0,no
My family just adopted a little Jewish kid He looks so cute sleeping in the oven.,1,no
"I should be able to say the N word, Because I was born in the year of the monkey.",1,no
Why dont you need a bridesmaid in your wedding. Because the bride becomes the maid.,1,no
I turned off all beeping things in hospital so that all patients can sleep better.,1,no
What's the best part about a snowman ? It's never of any colour other than white.,1,no
If two negatives make a postive. Shouldn't that make drunk women the best drivers?,1,no
I have a minor in psychology. She's seeing a therapist because of what I did to her.,1,no
What is a indicationn for both a third world nation and a first world nation? Muslims.,1,no
Why couldn't the gunslinger make love to his wife? Because he kept shooting blanks!,1,yes
Why was the chemist arrested? He threw sodium chloride at his wife. Thats a salt.,1,no
What's the easiest way to dirty up your headlights? going 50 through a school zone.,1,no
What happens to a polish man after he takes a shower? He turns into a pair of shoes.,1,no
"How is God just like a regular man? If youre not on your knees, hes not interested.",1,no
How do you launch an Indian into space? Just press the red button on their forehead.,1,no
What do you call 10 monkeys running up and down a wooden floor? A basketball game.,1,no
Why was Chad fired from his teaching career in the kindergarden? He was hard at work.,1,no
Why cant midgets play baseball? Because the only position they can play is short-stop.,1,no
Why did the man run around his bed?  Because he was trying to catch up on his sleep!,0,no
How are crop circles created? You can only pick cotton as far as the chain lets you.,1,no
"I found out why its called a highschool, because students smoke weed behind the school.",1,no
Why do flesh colored bandaids never come in black? Cuz bandaids don't fix bulletholes.,1,no
What happens when you tell a joke about someone jumping off a building? It falls flat.,1,no
Why are sperm donations more expensive than blood donations? Because they are handmade.,1,yes
Did you hear about the ATM that got addicted to money? It suffered from withdrawals.,0,no
why did my black girlfriend thanked me after our break up? because I set her free.,1,no
It was nice when i let my fingernails grow a little. But now it's getting out of hand!,0,no
Ive got some bad news for those who like short bread Theyre not making them any longer.,0,no
Want to hear the joke about a well? You wouldn't understand it. It's too deep for you.,0,no
Why is it impossible to offend a hobo with a joke? It won't ever hit too close to home.,1,no
How do sailors get their clothes clean? They throw them overboard and they wash ashore.,0,no
What is the difference between a Siberian husky and an Alaskan husky? About 1500 miles.,0,no
How do narcissists save so much money on their electricity bills? They use gaslighting.,0,no
I almost got caught stealing a board game today. But it was a Risk I was willing to take.,0,no
"what is the perfect lastname for a person who is Gay, Incest and Paedophile? Dickinson.",1,yes
"Yesterday I saw a transgender wearing a miniskirt I thought: ""wow that shows some balls"".",1,yes
Why does North Korea excel at drawing straight lines? Because they have a supreme ruler.,1,no
What is the only car a woman can drive? An RV. Because its the only car with a kitchen.,1,no
Bob: Who trained his dogs to salivate on command? Tim: Does the name Pavlov ring a bell?,0,no
My paralyzed friend is always so rude to everyone while talking. How insensitive of him.,1,no
How can you tell if your acne is getting out of hand? The blind start reading your face.,1,no
How can you tell who's the head nurse at a hospital?  It's the one who has knee pads on.,1,no
Which countrys capital has the fastest-growing population? Ireland. Every day its Dublin.,0,no
Why is Tyron so good at dropping bars? Because him and his father spent their lives behind them.,1,no
What does an iPhone and a homeless man have in common? Shutting down at low temperatures.,1,no
"My bestfriend: ""so I heard that you been dating my ex girlfriend"" me: ""yeah, everything felt new after 2 inches"".",1,no
How many magicians does it take to pull a rabbit out of a hat? One. It's a trick question.,0,no
I think theres something wrong with the cactus Im growing. But I cant put my finger on it!,0,no
It only takes 3 inches to please a woman. And it doesn't matter if it's visa or MasterCard.,1,no
Why did the air freshener company go out of business? Because they lacked common scents.,0,no
I found a rock yesterday which measured 1760 yards in length Must be some kind of milestone.,0,no
"My wife thinks I dont give her enough privacy... At least, thats what she said in her diary.",0,no
What do you tell your wife's boss if she dies during child birth? She is on eternity leave.,1,yes
When does a black person type the fastest? When its trying to figure out the alarm passcode.,1,no
"How do you offend an American? You better not, they love their guns more then their kids.",1,no
Why is womens soccer so rare? Its hard finding enough women willing to wear the same outfit.,1,no
"A fat boy vs A little boy, who would win ? The Little Boy because he can beat the whole city.",1,no
I went to a beer store in China... Sadly they didn't have budlight so instead I got Corona.,1,no
I work in a shop called The Masochist. I hate it so much that I work there seven days a week.,1,no
What do you get when a topless blonde rubs suntan lotion on a topless brunette?  Your camera.,1,no
Yesterday i hit a speedbump near the playground. Then i remembered that there was no speedbump.,1,no
Clothes are like Billie Eilish songs. I was really surprised when I found out a kid made them.,1,no
Why did the stop light turn red?  You would too if you had to change in the middle of traffic.,0,no
Why was the resistor fired from his job of leading the orchestra? He was a terrible conductor.,0,no
What's good about being a thief in Saudi Arabia? Someday you could make their Paralympics tea.,1,no
Getting a girl was easier than I thought all I need was some courage and a bottle of chloroform.,1,no
"Why did so many African nations gain independence around the same time? Monkey see, monkey do.",1,no
What's the difference between my wife and baseball? My wife only needed two strikes to be out.,1,no
My friend told an out of place joke about police searches. But I don't think it was warranted.,0,no
My wife told me to see things from her perspective. So I went and looked out the kitchen window.,1,no
"What do woman and stamps have in common? You lick it, you stick it, and then send it on its way.",1,no
"If someone with one arm speaks sign language, is that a speech impediment, or an accent?",1,no
So I heard that tomorrow is Bring Your Pet To Work Day at my work. I had to think twice since I work at a Korean barbecue.,1,no
What do sea monsters eat? Fish n ships.,0,no
"So my friend asked me in art class: ""hey, what colour does black and white make?"" I replied: ""violence"".",1,no
What does a space mission and a pregnant lady have in common? They both have the ability to abort.,1,no
A black man was immediately arrested after winning a marathon He apparently stole the competition.,1,no
Did you hear about the actor who fell through the floorboards? He was just going through a stage.,0,no
"What did the scarecrow say about his job? ""This job isn't for everyone, but hay, it's in my jeans.""",0,no
My good mailman friend tells a lot of jokes about undelivered letters. But no one seems to get them.,0,no
"Did you know that pigs can fly? No? Well the warthog is the national bird in Iraq, so you're wrong.",0,no
How do you beat a Mexican in Rock Paper Scissors? Choose rock cause you now they dont got the papers.,1,no
Why did the invisible man turn down the job offer? Because he just couldnt see himself doing it.,0,no
I guess chinese electronic appliances have black people's souls in them. We hit it for it to work .,1,no
Did you hear about the new restaurant on the mars? The food is great but theres not much atmosphere.,0,no
Two guys walk into a bar. The third guy ducks.,0,no
Why can't Barbie get pregnant? Because Ken comes in a different box.,1,no
"My son just got a tattoo of a heart, a spade, a club, and a diamond, all without my permission. I guess I'll deal with him later.",0,no
What happens to a necrophiliac after death? Reserection.,1,yes
What's the difference between a painting and Jesus. You only require one nail to put up the painting.,1,no
What's Al-Qaeda's favorite American football team? The New York jets.,1,yes
"What's the difference between a blonde and a washer? When you dump your load in a washer, it doesn't follow you around for a week.",1,no
"Have you ever heard of the movie """"Constipation""""? No? Most likely because it never came out.",0,no
A Mexican fireman had twin boys. He named them Jose and Hose B.,0,no
Donald Trump will ban the sale of shredded cheese He wants to make America grate again.,0,no
What did the porn actress say when she opened the door? Make sure to come upstairs.,1,yes
What did the hillbilly say to his sister after she asked him to have sex with her? If you incest.,1,yes
"I like my slaves like I like my coffee, Fair Trade.",1,no
My ex-wife still misses me... But her aim is gettin better.,1,no
Why are hillbilly murders hard to solve? Because they all share the same DNA.,1,yes
What are the 3 stages of sex after marriage? Tri-weekly Try Weekly and Try Weakly.,1,yes
What do you tell a woman with two black eyes? ...Nothing you've already told her twice!,1,no
Did you hear about the skeleton who didn't go to prom? He had no body to go with.,0,no
A kiss will make her day But anal will make her whole week,1,yes
Why are women and children evacuated first in a disaster? So we can think about a solution in silence.,1,no
What is the best part about having sleeping with 23 year olds? There's 20 of them.,1,no
Don't buy whitening toothpaste It says guaranteed whiteness in 14 days. 15 days have come and gone... and I am still asian.,1,no
How are doctors so well tempered even under heavy stress? They have a lot of patients.,0,no
How do you find a blind man in a nudist colony? It's not hard.,1,yes
"How many police officers does it take to change a light bulb? None, because they'll just beat the room for being black!",1,no
"How do you figure out which contestant in a Ms. America pageant is a prostitute? Look for the one with the sash that says """"I da ho"""".",1,yes
I was walking down the street when I saw black guy with a laptop. Is that mine? I thought. It los exactly like mine... but that can't be... Mine should be at home cleaning my shoes.,1,no
"Why is my Chinese girlfriend so bitchy? Well it's true, you are what you eat.",1,yes
"I complained to my wife that I was short staffed at work. She responded """"yeah, and you have the same problem at home""""",1,no
"My girlfriend left me after I broke her wheelchair..... Oh,, I think she'll come crawling back soon..",1,no
What the quickest way to a mans heart? Though his chest with a knife.,1,no
How do skeletons reproduce? They bone.,1,no
I find like geologers make really good friends... ...they are very down to Earth.,0,no
"I didn't see mommy kiss Santa, but my sister saw her kiss the mailman, which explains why I'm the only one with brown eyes in the family",1,no
What's the difference between a pizza and a black man? The pizza can feed a family of 4.,1,no
"A photon walks into a hotel The bell boy walks up and asks, """"Do you have any luggage?"""". """"No,"""" says the photon, """"I'm traveling light.""""",0,no
What's the difference between a computer and a woman? A computer only has to have information punched into it once.,1,no
"Dad and son A son asks his father """"Why does my bum hurt"""" while the father replies """"Because I love you son""""",1,no
What is the difference between a Catholic priest and acne? Acne waits until puberty to come on a kid's face.,1,no
"""""Sugar"""" is the only word in the English language where """"su-"""" makes a """"sh"""" sound. At least, I'm pretty sure..",0,no
Doctors have confirmed that masturbation is life threatening. Many men have died after having a stroke.,1,yes
"Kissing a sleeping woman in an animated Disney movie, romantic.....but do it on a bus and the judge doesn't agree.",1,no
What did cinderella do when she got to the ball? gag...,1,no
Learning to love yourself is important. Just don't let your wife catch you doing it.,1,no
The nintendo 64 turned 18 last month. Which means you can now legally blow the cartridges.,1,no
What's the difference between coriander and cumin? You can't coriander your pants.,1,no
What is the difference between a drug dealer and a hooker? A hooker can wash her crack and sell it again.,1,yes
There are plenty of fish in the sea. Sometimes you just need a really big fishing rod.,1,no
Why does Helen Keller wear tight jeans? So people can read her lips.,1,no
What do you call a bald porcupine? Pointless.,0,no
What's better than two roses on your piano? Tulips on your organ.,1,no
"Why shouldn't you sleep with a weatherman? They'll promise 12 to 14 inches, but you'll only get 3 to 5.",1,no
What's the difference between Jews and Santa? Santa goes down the chimney.,1,no
I got asked how I view lesbian relationships. Apparently HD wasn't the correct answer.,1,no
"When I was younger, I was given a choice: a good memory or a long dong. I can't remember which I chose.",1,no
"Why does Mexico never get gold medals in olympics? Because all their swimmers, runners, and high jumpers are in USA.",1,no
why did hitler commit suicide? Because he saw the gas bill.,1,yes
What's the difference between a dead baby and a rock. You can't fuck a rock.,1,yes
My Wife is refusing to fry any food and is insisting on eating healthier. She is turning into a Kitchen Nazi. She keeps sticking everything in the oven.,1,yes
Why do geologists perform so well during intercourse? They really know how to make bedrock.,1,no
Whats the difference between Santa Clause and me ? Santa only comes once a year.,1,no
"I only date right handed women. Righty tighty, lefty loosey.",1,no
How much does a corpse weigh? A skele-ton.,0,no
"Three old women are sitting on a park bench when a man comes by and flashes them. Two of them have a stroke, and the third one couldn't reach.",1,no
Why do Communists only drink coffee? Because proper tea is theft.,0,no
I didn't know what to wear the the premature ejaculators meeting. So I just came in my pants.,1,yes
"I was sitting on the train this morning, and I saw a really sexy Thai girl I thought to myself, """"Please don't get an erection, please don't get an erection"""", but she did.",1,yes
Whats the difference between a boy scout and a jew? The boy scout returns home from the camp.,1,no
What happens when a Chinese man with a boner runs into a wall? He breaks his nose.,1,yes
What's the definition of a redneck virgin? A 7 year-old girl who can run faster than her brothers.,1,no
"A Roman guy walks into a bar... He holds up two fingers and says """"Five beers please!""""",0,no
A mother called the police on her 6 month old baby for not taking a nap. He was resisting a rest.,0,no
"My penis is so polite, it stands up to give ladies a place to sit down.",1,yes
I witnessed a murder today.. then I realized it was just a group of crows.,0,no
What did one deer say to the other after leaving the bar? I can't believe you just blew 50 bucks in there.,1,no
What's the difference between a lentil and a chickpea? I wouldn't pay five hundred dollars to have a lentil on my face.,1,no
"What's the difference between acetone and Hitler? One is used to remove the polish, and the other is used to remove the Polish.",1,no
"If two pharaohs farted at the same time, they would have a toot in common.",0,no
What's the definition of a will? Come on guys it's a dead giveaway.,0,no
What blood type does a man with bad spelling have? Typo.,0,no
Why do black people have white palms? Everyone has a little good in them.,1,no
"There was a kidnapping at school! It's ok though, he woke up.",0,no
I painted my PC black hoping it would run faster but now it doesn't work at all.,1,no
Why did the golfer wear two pairs of pants? Because he had a hole in one.,0,no
What's long and hard on a black guy? The first grade.,1,no
The difference between in-laws and outlaws? Outlaws are wanted.,1,no
"For an """"adult"""" bookstore, this place has a LOT of picture books.",1,no
I told a joke about noble gasses the other day. There was no reaction.,0,no
"How are tornadoes and marriage alike? They both begin with a lot of sucking and blowing, and in the end you lose your house.",1,no
How do you make a shortcut? With small scissors. ,0,no
"How are a grenade and a girlfriend similar? If they're good ones, they'll both blow really well.",1,no
"My wife came home with a duck under her arm... """"This is the pig I've been fucking"""" she said """"That is a duck, not a pig"""" I replied """"I'm not talking to you"""".",1,yes
Why was the snowman smiling? He saw the snowblower coming.,1,no
Once all serial killers decided to compete for the most kills. It was a cut throat competition.,1,yes
What is the difference between snowmen and snowwomen? Snowballs.,1,no
What do you call an angry paraplegic? A steamed vegetable.,1,no
Why do black people only have nightmares? Because we killed the only one with a dream.,1,yes
"Duck walks into a pharmacy and asks for some lip balm. """"Certainly sir, will that be cash or credit?"""" """"Just put it on my bill.""""",0,no
Why shouldn't you drink at a math party? Because you shouldn't drink and derive.,0,no
Did you hear that they are building massive oscillating blades in New York? I wasn't a big fan of the idea.,0,no
"Whilst climbing in the roof space to get down the kids Christmas gifts, I found a present I'd forgotten last year. Such a shame - they would have loved that puppy.",1,no
What's the difference between magic and black magic? Black magic doesn't work.,1,no
What is the most affectionate type of chicken? The tender ones.,0,no
What is the most confusing day in the ghetto? Father's day.,1,no
I was fighting with my wife over the arrangement of the dining-room furniture. I thought I had won but when I got home from work the tables were turned.,0,no
What's the hardest part about breaking up with a Japanese girl? You have to drop the bomb on her twice before she gets the point.,1,yes
"I'm scared of the toilet, that's where shit goes down.",1,yes
"Why does the little mermaid wear sea-shells? Cause B-shells are too small, and D- shells are too big.",1,no
Did you hear about the unfashionable mechanic? He needed to change attire.,0,no
What does a homeless man gets for Christmas? A cold.,1,no
Steve Irwin will always be in our hearts. Just like the stingray needle in his.,1,no
I'm holding a party for people who can never reach orgasm. If you can't come let me know.,1,yes
"What did one eye say to the other? Between you and me, something smells",0,no
What do you call Hitler underwater? Adolfin.,0,no
I was wondering why the ball was getting bigger. Then it hit me.,0,no
Cocaine is never a solution... Unless it's dissolved in water.,1,yes
My wife is like a treasure You'll need an accurate map and a shovel to find her.,1,no
"As a quiet and skinny person, I feel like we should charge loud and fat people more to ride the subway. It won't be difficult to implement either. All we would need to do is charge them by volume.",1,no
"My dad told me he was gay, i didnt believe him until my other dad comfirmed it.",0,no
I spilled skittles down my pants. Do you want to taste the rainbow?,1,no
What do you call a psychic midget that escapes prison? A small medium at large.,1,yes
"A magic genie granted a man one wish. """"I wish I had a dick that touched the floor"""" the man said. The genie then snapped his fingers and *poof* The man's legs disappeared.",1,yes
"So a polar bear walks into a bar... and says, """"I'll have a gin.....and tonic"""" The bartender says, """"What's with the big pause?"""" And the polar bear says, """"Oh, I've always had them.""""",0,no
Usually chocolate makes me hyper but my dog ate a pack of Snickers and he's been asleep for hours.,1,no
What did one saggy boob say to the other saggy boob? If we don't get some support soon people are going to think we're nuts.,1,yes
"Sometimes I get jealous of the lingo black people use that I can't use. Then I remember as a white person I have things I can say that they can't like. """"Hey dad."""" Or """"Thanks for the warning officer""""",1,no
In many U.S. States offenders receive a harsher penalty for hitting a dog than they do for hitting a woman. That's outrageous either way you're slapping a bitch.,1,yes
What did the Buddhist monk say when he approached the hotdog stand? Make me one with everything.,0,no
So my neighbor asked me to fix her sink. She's obviously never seen a porno because it's been an hour and I'm still fixing the damn sink.,1,yes
A skinny guy with a 6-pack is like a fat chick with tits. It doesn't count.,1,yes
I just gave my cat some 7UP. Now he's got 16 lives.,0,no
Chemist have an unpopular view on alcohol... They say it's a solution.,0,no
"Doctor: """"I'm sorry but you suffer from a terminal illness and have only 10 to live."""" Patient: """"What do you mean, 10? 10 what? Months? Weeks?!"""" Doctor: """"Nine.""""",1,no
How did the shrimp eat all the fish food? Shellfishly.,0,no
I've just started a band called 999 Megabytes. We haven't done a gig yet.,0,no
did you know you can tell how much a girl likes you by the position of their feet? Chances are if her feet are next to her ears she really likes you.,1,no
"So my neighbor knocks on my door at 2:30am last night. 2:30AM!!! Can you believe it?!!? Lucky for him, I was up playing my drums.",0,no
I'm circumcised but I'm looking to change that. Anyone have any tips?,1,no
How many women does it take to play tennis? You can't play tennis in the kitchen.,1,no
What nationality is Santa Claus? North Polish.,0,no
I like my coffee like I like my women. In two enormous cups.,1,no
A bloke in a wheelchair stole my camouflage stuff I told him 'you can hide but you can't run'.,1,no
"""""I'll have to report you sir"""" said the traffic cop to the speeding driver. """"You were doing 85 miles an hour."""" """"Nonsense officer"""" declared the driver. """"I've only been in the car for ten minutes.""""",0,no
Get in on Syrian real estate now! The markets are exploding!,1,no
"Why is Islam called the religion of peace? After you leave the religion, you rest in peace.",1,no
"At my last physical, my doctor told me I had to stop masturbating, and I asked why. He said, """"Because I'm trying to give you a physical.""""",1,yes
"Anal is a lot like spinach If you're forced to have it as a child, you probably won't like it as an adult.",1,no
Curiosity killed the cat... NASA sincerely apologizes.,0,no
How did 1940's German Men pick up Jewish Girls? With a broom and a dustpan.,1,no
What made Tesla successful ? Its musk.,0,no
What do you call twin kittens? Dupli-cats.,0,no
Why did the student take Viagra while preparing for his exam? His professor said he should study hard.,1,yes
What is a Polish person's favorite weapon? A Warsaw.,0,no
Don't invest in skiing companies. The whole sport is going down hill fast.,0,no
What do you get when you cross human DNA and goat DNA? Thrown out of the zoo.,1,no
Have you ever had an Ethiopian breakfast? Neither have they.,1,no
I went to the doctor and he gave me 2 months to live. I shot him and the judge gave me 30 years.,1,yes
"The difference between polygamy and monogamy. Polygamy is having too many wives, but monogamy is having one wife too many.",1,no
I like my men like I like my coffee.. silent.,1,no
"A priest checks into a hotel... says to the clerk, """"I assume the porn is disabled."""" Clerk says, """"No! It's just regular porn you sick freak!""""",1,yes
"I'm quitting the blueberry only diet. I haven't lost a pound and I'm getting tired of blueberry pancakes, muffins and poptarts every meal.",0,no
"It's a comfort knowing Dad is looking down on me, but we should probably cut his hang-glider out of that tree one of these days.",0,no
I like my women the way... I like my wine...12 years old and in the cellar.,1,no
Butter must be southern.. Because it's usually inbred.,1,no
I'm one of those people who thinks different races shouldn't mix..Which is why I don't participate in triathlons.,1,no
"A pirate walks into a bar and has a ship's wheel sticking out his crotch. 'Does that not hurt?' asks the bartender. To which the pirate replies: 'Yaarr, it's driving me nuts!'",1,no
Make the little things count... teach midgets arithmetic.,1,no
How do you fit 4 gay guys on one chair? Turn it upside down.,1,no
"What is six inches long, has a bald head, and drives blondes crazy? A hundred dollar bill.",1,no
I just broke up with my blind girlfriend. We just didn't see eye to eye anymore.,0,no
What do multiculturalism and the movie Jaws have in common? They both made Americans despise great whites!,1,no
*runs in place* *cracks knuckles* *stretches neck* *takes a deep breath* *heads toward buffet*,0,no
My garbage disposal can't even handle this banana and now I'm wondering if I actually have a garbage disposal.,0,no
I asked my friend why he gave up his career as a farmer. He said he chose the wrong field.,0,no
How can I ever be happy... If I was born crying.,0,no
"Costume Ideas For Halloween, you should dress up as Pavlov. Not everyone will get it, but it should ring a bell.",0,no
"Did you hear that HIV isn't spread by a virus? Yeah, it's spread by a fun guy.",1,yes
I bet deaf people get really confused when they talk to someone who is applying hand lotion.,0,no
"It must be pretty bad being the wife of a suicide bomber. Because if they come home after work, they've had a bad day.",1,yes
"Daughter: Here you go! Me: You're my favorite. Son: Yesterday, you said I was your favorite! Me: Yesterday, you were closest to the remote.",0,no
"Ever since we lowered our ceilings here at the shipyard, sails have gone through the roof.",0,no
I wanted to make my racing snail faster.. So I took off its shell. If anything it became a lot more sluggish.,0,no
"My Asian friend came out to his dad today and said """"Dad I'm gay"""" . His dad after being angry for a moment said, """"why not Gay+""",1,no
"It's an age-old question, but which came first, the chicken or the egg? The rooster.",1,no
"I like my coffee like I like my wives, From a third world country at a reasonable price.",1,no
What is a computer virus? A terminal illness.,0,no
Mattel released a Muslim Barbie... It's a blow-up doll.,1,no
Acid is like a woman. A good one will eat right through your pants.,1,no
Where do Sikh hipsters shop for clothes? Turban Outfitters!,0,no
If two vegetarians are arguing Is it considered a beef?,0,no
"What do Donald Trump and a pumpkin have in common? They're orange on the outside, hollow on the inside and should be tossed out in early November.",1,no
What do you call someone whose GPA is greater than the number of inches their dick is? Asian.,1,yes
Remember when you were a kid and you used to blow bubbles? He said hi.,1,no
"So my lesbian neighbours asked me what I wanted for my birthday... They got me a Rolex. I guess they misunderstood when I said """"I wanna watch"""".",1,no
What sport are Mexicans best at? Cross country.,1,no
I used to date an anaesthetist... She was a local girl.,0,no
"What's the difference between a club and a strip club? A club has a beat that you can dance to, a strip club has a dance that you can beat to.",1,yes
What's the difference between redneck newlyweds and two variables in a dataset? The variables aren't necessarily related.,1,yes
How come oysters never donate to charity? They are all shellfish.,0,no
I got so drunk last night I lost my glasses. The rest is a blur.,0,no
How do they practice safe sex in Scotland? They brand the sheep that kick.,1,yes
What do you call a piece of sandpaper in Syria? A map.,1,no
My dog and I have something in common: We like burying our bones in other peoples backyards.,1,no
I lost my kidneys when I turned 18.. My knees are 100% adult now!,0,no
Women are like condoms They spend more time in your wallet than on your dick.,1,yes
"I went to the doctors with hearing problems. He said """"Can u describe the symptoms?"""" I said """"Homers a fat bloke and Marge has blue hair""""",0,no
I bet kangaroos get tired of holding all of their friend's keys and cell phones while they're at the beach.,0,no
"When my boss asked me who is the stupid one, me or him? I told him everyone knows he doesn't hire stupid people.",0,no
What did the Gay techie say? I do queries.,1,no
What do women and tornadoes have in common? They scream when they come and take the house when they leave.,1,no
What do you call a computer that can sing really well? A Dell.,0,no
What's the favorite subject of young witches at school? Spelling.,0,no
How do you determine the sex of a chromosome? Pull down its genes.,1,yes
What was the name of the knight who sat all the way around the Round Table? Sir Cumference.,0,no
Why are European cars the lightest? because there's no Americans sitting in them.,1,no
"What did Adam say the day before Christmas? It's Christmas, Eve!",0,no
What did grandma say to grandpa while in bed? Keep it up!,1,no
"A Priest, a rapist and a pedophile walk into a bar... he orders a drink.",1,yes
"A guy got a hundred dollar bill tattooed on his dick... Now he can play with his money, watch it grow, and you can't find a girl who can't blow a hundred dollars.",1,yes
Welcome to kleptomaniac club. I see you already took a brochure.,0,no
My wife asked why I keep my guns in the library. I said it's for shelf-defense.,0,no
"My girlfriend thinks that I'm a stalker... ...Well, she's not exactly my girlfriend yet.",0,no
"A dick has a sad life. His hair's a mess, his family is nuts, his neighbor's an asshole, his bestfriend's a pussy, and his owner beats him.",1,yes
I told my doctor i was scared and nervous when i got tested for HIV... He said 'Just calm down and try to think positive.',1,no
"Some people are like Slinkies ... not really good for anything, but you can't help smiling when you see one tumble down the stairs.",1,no
What did the cannibal get when he showed up late to a dinner party? A cold shoulder.,1,no
How can you tell if a black guy is well hung? You can't fit your finger between the noose and his neck.,1,yes
"Why are stock traders so good at sex? Same principal, you gotta pull out at the right moment or it costs you.",1,yes
if it's called morning wood for men then what is it for women.. Morning dew.,1,no
How did a good looking but unqualified Japanese woman get voted into public office? Erections.,1,no
"I was screwing this African woman last night, she kept yelling the N word It was really hard to concentrate with her screaming no the entire time.",1,no
How can you tell if someone is having a stroke? There is lotion and used tissues laying around.,1,no
I was doing so well getting over my viagra addiction... But I couldn't keep it up.,1,yes
Me: You should be nicer to me. You'll never have another dad. 5-year-old: Don't be so sure. Mom is pretty.,1,no
What does a gay man and a rhubarb have in common? It's not right to call them a fruit.,1,no
"What do prison and the Caps Lock button have in common? They both turn """"o"""" into an """"O"""".",1,no
The fastest and most deadly land mammal is a woman who has noticed another woman flirting with her man.,1,no
"What's the tallest building in any city? The Library, it has the most stories......",0,no
What do you call a Muslim woman without a burka? Dead.,1,no
"What's the difference between a knife, and an argument with a female? A knife has a point.",1,no
What is atheism? A non-prophet organisation.,0,no
What do Australian chess players say when they're finished eating at a restaurant? Check mate.,0,no
How do you keep brown bears off your property? Build a wall.,1,no
"What's the biggest difference between men and women? The phrase """"I went through a whole box of tissues watching that film."""" is a good place to start.",1,no
Friends are like snow flakes. If you pee on them they go away.,1,no
Why is it so hard to explain puns to kleptomaniacs? They're always taking things...literally.,0,no
What did the Zero say to the Eight? Nice belt.,0,no
What did the OCD man get thrown in jail for? Organized crime.,0,no
What seperates black people and white people? The bars.,1,no
Why should you bury indians 10 feet deep? Because deep down they're good people.,1,no
Why did the computer crash? Because it had a bad driver!,0,no
What do rednecks do on Halloween? Pump-kin!,1,yes
How did the prostitute get a job at the zoo? They heard she could handle a cockatoo.,1,yes
What does a grizzly wear under his fur? Under-bear.,0,no
A polite penis stands up when a lady wants to sit down.,1,yes
Guys! I demand you stop making jokes about 9/11! Its just plane wrong!,1,no
Nuts. When you have nuts on the wall they're called walnuts. When you have nuts on your chest they're called chestnuts. When you have nuts on your chin you're called a cocksucker.,1,yes
What do call a white guy in a burning building? Fire cracker.,1,no
What's a poker player's favorite sitcom? Full House.,0,no
What is the similarity between women and square roots? If they are under 16 you should just do them in your head.,1,no
How much space does fungi need to grow? As Mushroom as possible.,0,no
My wife is like a plunger She's good at bringing up old shit.,1,yes
Debt collector are so persistent they never leave you a loan.,0,no
"With how fat America is, I'm surprised their currency isn't in pounds.",1,no
How do you turn an old dishwasher into a snowblower? You give her a shovel and tell her to get to work.,1,no
What did Gordon Ramsay say to Hitler? Oh my god put them back in the damn ovens! They're so under-cooked.,1,yes
What's the difference between apple juice and apple cider? Your sister doesn't care if you cum in juice but she won't let you cum in cider.,1,yes
I woke up hungover to the sound of my neighbour mowing his lawn. He will just have to mow around me because I'm not moving.,0,no
"Anal sex is just like your first car. You don't want it, but your dad gives it to you anyway.",1,yes
Success is like pregnancy... Everyone congratulates you but nobody knows how many times you got fucked to achieve it.,1,yes
"When my neighbor's bed starts rhythmically hitting the wall, I like to drum back. Last night, we had a real jam session going.",1,no
What is a math teacher's favorite kind of toilet paper? The kind that has multi ply's.,0,no
"Today I got chased by a thief trying to steal my wallet.. I managed to get away, but he definitely gave me a good run for my money!",0,no
what did the afraid triangle say to the circle that was about to beat him up? I'm very squared.,0,no
I do pull ups to get girls... and pull outs to not get one.,1,no
Whats better than winning gold at the paralympics? Having legs.,1,no
Headaches aren't real.. They're all in your head.,0,no
A Jew walks into a wall with an erection. Gets a broken nose.,1,yes
My teachers are like my girlfriends... They are both best between periods.,1,no
"Why do people hit things when they don't work? Well, it worked with the slaves.",1,yes
I needed a password at least eight characters long so I picked Snow White and the Seven Dwarfs.,0,no
I'm very pleased with my new fridge magnet. So far I've got twelve fridges.,0,no
"Today, a midget insulted me, so I had no choice but to punch him in the face... I never thought I'd stoop so low.",1,no
"God likes Saturn more than he likes Earth. Because if he had liked it, he would have put a ring on it.",0,no
Did you hear about the man whose vape device exploded while he was smoking it? It was a mind-blowing experience.,1,no
"My dad used to warn me about anal He said """"Son, this might hurt a bit.""""",1,yes
What do you tell a smelly Japanese person? Takashawa.,1,no
I like my coffee like I like my women. Iced cold and milky white.,1,no
What's the difference between a blonde and a mosquito? The mosquito stops sucking when you slap it.,1,no
"I named my iPod """"The Titanic"""" Oh look! It's syncing now.",0,no
What's the difference between an art student and a philosophy student? A philosophy student asks you why you want fries with that.,1,no
I poured my root beer into a square cup Now I've just got beer.,0,no
"If our last names came from the jobs of our ancestors... Then I feel really bad for the boys of the """"Dickinson"""" family tree.",1,no
If body builders religiously try to gain weight.. Does that mean they go to the gym for mass?,0,no
Calling your girlfriend Dumbledore.. ..cause she's the real head master.,1,no
"Did you know that the Bulldog and Shitzu breeds can never crossbreed ever? Just kidding, that's bullshit.",1,yes
I entered an astronomy competition the other day... ...I didn't come first but I did get a constellation prize,0,no
Uncle Bill always gave 100%. Son: How did he die Dad? Dad: He donated blood.,0,no
What is the difference between a pizza and a Jew? A pizza doesn't scream when you put it in the oven.,1,no
It must be tough to live in Europe. There's neither land nor way.,0,no
"There's 4 and a half inches of light snow outside ...or as most the men on Tinder would have me believe, 8 inches and really thick.",1,no
I let a blind man borrow some money the other day. He said he'll pay me back the next time he saw me.,0,no
Did you hear 50 Cent was selling concert tickets for just $0.45 cents?! It was featuring nickleback.,0,no
"""""Describe yourself in 4 words."""" Bad at counting.",0,no
"I broke up with my penis, so I wrote a song... Called """"So Long"""".",1,yes
Why were the yearbook students expelled? They shot the whole school.,1,yes
Why are camels known as the ships of the desert? Because they're filled with Arab semen.,1,yes
I never date girls from china... That's a big red flag.,0,no
What does a Chinese man need when taking his dog out? Oven mitts.,1,no
"There was a new machine at the gym today. I had to stop using it after an hour as i felt sick, but it was worth it got through 4 kit kats 2 cherry cokes and 2 packets of crisps.",0,no
How many Spanish people does it take to change a light bulb? Just Juan.,0,no
"When EgyptAir announced """"he's not a terrorist, just an idiot"""" My ex wife phoned to see if it was me.",1,yes
I would like to thank the kind stranger I met on the bus this morning for teaching me the meaning of the word 'abundance'. It means a lot.,0,no
What do you call a Chinese man with a video camera? Phil Ming.,0,no
"""""Do you want to see a nice clock?"""" I said, lowering my trousers, """"That's not a clock!"""" She exclaimed. I replied ""It will be when you put two hands and a face on it!""",1,no
What is the hardest part of a vegetable to eat? The wheelchair.,1,no
Q.How many blonde's does it take to change a light bulb? A. 3. 1 to find the bulb 1 to find a ladder and 1 to find a man.,1,no
"Two Asians are watching the weather forecast... ... and the forecast reports that there will be showers in the area. The first Asian says, """"Oh man!"""" And the second Asian says, """"Bah, rain.""""",0,no
What kind of pizza do pilots like? Plain.,0,no
What do you call a muscular Arab? Protein sheikh.,0,no
"How are women like KFC? After your done munching on the breasts and thighs, you have a nice greasy box to put your bone in.",1,no
How many drunks does it take to change a lightbulb? Just one. He holds the bulb and the room spins.,0,no
What do you call a German tampon? A twatstika.,1,no
What's the best part about dating 26 year olds? There's twenty of them.,1,no
"A man says, """" It's raining cats and dogs!"""" The Chinese man comes out of his house with his chopsticks immediately.",1,no
Break ups are the worst in China... You see her face everywhere.,1,no
What do you call a web developer who enjoys finding bugs in the system? A spider.,0,no
What makes a software developer feel rich? Their Cache.,0,no
I'd like to tell you a joke about paper... but it's tearable.,0,no
What did the Syrians use to light their homes before candles? Electricity.,1,no
What do you call a female pilot's vagina? A cock pit.,1,yes
"I got arrested for punching a guy at a new years party, when you hear an Arab counting down from ten your instincts kick in.",1,no
Whats Saudi Arabia's highest rated sitcom? How I bought your mother.,1,no
What's a ghost's favorite sexual act? A boooobjob.,1,yes
What Do You Call An Arab Dinosaur? Dino-mite.,1,no
My gf said men only think with their penis. I told her to go ahead and blow my mind.,1,yes
"Well I was going to donate blood today until.... the lady got all personal and started asking, """"Who's blood is this?"""" and """"How did you get it?""""",0,no
God hates fags The smoke annoys him.,1,yes
How much does it cost to clean up Germany? About 6 million.,1,no
Why did the girl blush when she opened the fridge? She saw the salad dressing.,0,no
"I like my women like I like my olive oil, extra virgin and black.",1,no
My talking dog gave me a stick the other day and told me he found it 600 miles away. That's a bit far-fetched.,0,no
Sea water equals salt. That's what it boils down to.,0,no
What are a priest's favourite symphony... The ones that start with a minor.,1,no
I know a couple jokes about unemployed people. Too bad none of them work.,0,no
"A Jamaican is asked, use Dandelion in a sentence ... He then says ... """"The cheetah is faster dandelion""""",1,no
I can count on one hand the number of times I've visited Chernobyl... it's 14.,1,no
Saying 'I'm sorry' and 'I apologise' mean the same thing.. .. except when at a funeral.,1,no
I went to the zoo the other day... The only animal they had was a small dog. It was a shih tzu.,1,no
What's the difference between my dick and my paycheck? I don't have to beg my wife to blow my paycheck.,1,yes
I have an internet porn addiction. i really should beat it.,1,yes
How do deaf mathematicians communicate? Through sine language.,0,no
I always get nervous before injections so I shut my eyes. I usually end up stabbing the chair.,0,no
How much does a Rabbi charge for circumcision? Nothing. He just keeps the tips.,1,yes
My prison cell-mate just asked me if I was tight. Why does he care about how I spend my money?,1,no
I have my girlfriend a teeth whitening today. Too bad most landed on her chin.,1,no
What do you call a white girl with a yeast infection? A cracker with cheese.,1,no
What do you call a black abortion clinic? Crime stoppers.,1,no
"What do you call an Arab who owns 5,000 cows A Milk Sheikh.",0,no
What do you call a security guard in a jumping castle? A Bouncer.,0,no
I heard that Being the one to circumcise elephants doesn't pay too well But the tips are huge!!,1,yes
"The pope walks into a Mosque A Muslim looks up and asks """"Why the wrong faith?""""",1,no
I want to die in my sleep like my grandfather... Not screaming and yelling like the passengers in his car.,0,no
What do you call someone who finishes a sentence with you? Partner in crime.,0,no
What's the difference between a normal pirate and a sexy pirate? The type of booty they plunder.,1,yes
"My girlfriend called me a pedophile. I said, """"Wow, that's a pretty big word for a eight year old.""""",1,yes
Did you hear about the agnostic dyslexic? He wanders through life wondering if there is a dog.,0,no
My niece was fired from the chicken farm today. She was caught poaching eggs.,0,no
"""""Mom and Dad, how does it feel to have been married for 35 years?"""" Dad: """"Well, it only seems like it's been 5 minutes..."""" Mom: """"Awww!"""" Dad: """"...Underwater.""""",1,no
"A black man went into a bank and asked for a job. """"You're in luck!"""" said the manager. $50 thousand a year, and a car!! """"You're joking!"""" said the black man. """"Of course I'm joking. But you started it!!""""",1,no
"An old lady's beloved pair of pet rabbits died So she took them to the taxidermist to get them stuffed. The taxidermist asked her """"would you like them mounted?"""" """"No"""" she replied, """"just holding hands.""""",1,no
"A police man pulls over a car in the middle of the night """"Sir, do you realise how badly your car was swerving between lanes?"""" """"I've had 8 drinks, officer."""" """"That's no excuse to let your wife drive...""""",1,no
"""""It's just bananas, bananas, bananas with you,"""" the wife shouted. """"If I told you I was going to leave you because of this ridiculous obsession, what would you say?"""" """"Well, thanks a bunch,"""" I replied.",0,no
"My mate asked me why I had sex noises saved on my iPod... I said, """"It's for sound effects during sex"""". He asked, """"Ah, is the wife a bit quiet in the bedroom?"""" """"No,"""" I replied, """"I work in a morgue.""""",1,yes
"A husband and his wife. """"honey I have a confession to make. I've been seeing a psychiatrist"""" """"Thats's okay dear"""" the wife replied. """"I've been seeing the pool man and our daughter's basketball coach""""",1,no
"A man walks into a bar... A man walks into a crowded bar brandishing a revolver yelling """"Who's been screwing my wife?"""" A voice from the back of the bar shouts back, """"You don't have enough ammo, mate!""""",1,no
"A black kid comes home from his first day of school and says, """"Momma, I have the biggest penis in the 3rd grade! Is it because I'm black?"""" The mom says, """"No.. It's because your 17!""""",1,yes
"I was sitting in the library when a black guy came up to me, asking """"Where are the colored printers?"""" I said """"Dude... it's 2014, you can use whichever printer you want""""",1,no
"A man was complaining to a friend. """"I had it all. Money, a beautiful house, a big car and the love of a beautiful woman.. then POW! it was all gone!"""" """"What happened?"""" asked the friend. """"My wife found out.""""",1,no
"My wife texted me at lunch """"Window's frozen"""" """"Pour warm water on it, then lightly tap the edges with a hammer and chisel"""" I replied. Ten minutes later, she called back. """"We need a new computer now"""".",0,no
Racist marathoners only run 3Ks.,1,no
Face it. Our planet is bipolar.,0,no
Where do you party on a ship? Where the funnel be!,0,no
Pillow fights didn't last as long in the Stone Age.,0,no
Why couldn't the radish finish the race? He was just a little beet.,0,no
"Q: Why don't matches play baseball? A: One strike, and they're out.",0,no
Hey girl are you a cool autumn breeze. Because you make me wanna jacket.,1,no
I really like the concept of train tickets. It's an idea I could get onboard with.,0,no
What happens when you pet a cat in the opposite direction? You rub them the wrong way.,0,no
"Running out of space for your porn collection? Just download midget porn, it's half the size.",1,yes
George invited all his friends for a no-masturbation get-together. They came within the hour.,1,yes
"The student asked his sensei: """"Why do you fight using only your feet?"""" Oh, y'know. For kicks.",0,no
I always get homophone and homophobe mixed up. I just know that one of them secretly likes caulk.,1,yes
Sometimes you have to choose between what is hard and what is easy. Luckily for you I'm both right now.,1,no
What does Egyptian airport security have in common with Los Angeles airport security? Both have LAX security.,1,no
Q: What do you call that great feeling of satisfaction you get when you finish your homework? A: The aftermath.,0,no
How can you tell an old person from a young person? An old person can sing and brush their teeth at the same time.,1,no
"Relationships are like socks. They're cool with me, as long as they are the same color.",1,no
"While getting the newspaper, I thought the neighbor admired my new boxers a bit too much. 'Til I felt a breeze. And remembered a button.",1,no
"Someone posted an ad claiming she can wax my chest without any pain at all. Sounds nice, but I'm kind of nervous. Do you really think she could pull it off?",0,no
A man with a foot long dick was walking on a nude beach when he was arrested by the police. The charge? Weapons of Lass Destruction.,1,yes
Being in a vortex must really suck.,0,no
What kind of pie can fly? A Magpie.,0,no
How does a backwards poet write? Inverse.,0,no
How do triangles communicate? Sin language.,0,no
How do you catch a WiFi? With an ethernet!,0,no
There's a thin line between word and world.,0,no
Today I tried to remove a bandage. I couldn't pull it off.,0,no
Why did the bowling pins stop working? They went on strike!,0,no
Why did the dog say he was an actor? His leg was in a cast.,0,no
Did you hear about the obese millionaire? He has a four chin.,0,no
Did you hear about the famous nudist? He wanted more exposure.,1,yes
Did you hear Obtuse Angle lost weight? He looks all right now.,0,no
Why did the Computer Engineer retire young? He had a lot of cache.,0,no
Why do Pillows work? Cause they're white.,1,no
What's in Poison Ivy's underpants? Tulips.,1,no
Sports: The legal way to buy a black person.,1,no
Why did the stop sign get an STD? Because it had a 4-way.,1,yes
Why did Hitler not mind being on the naughty list? He needed more coal anyway.,1,no
"So other day was talking to a Muslim in my street. I asked him "" your wife wears burqa and all your three daughters wear burqa as well. Doesn't get a bit confusing around the house? He chuckled and said "" oh! yeah ! Just last night I went upstairs and accidentally had sex with my wife.",1,yes
"A Muslim guy dropped his wallet today so I ran after him and handed it to him. He said, ""Thank you so much"" then he added in a low voice, ""don't go to the next Manchester United game"".  ""Why?"" I asked. ""Because they're boring and horrible""",1,no
"A man goes into a porn shop and asks for an inflatable sex doll. ""Certainly, Sir,"" says the proprietor. ""Would you like a Christian one or a Muslim one?"" ""What's the difference?"" asks the man. ""Well,"" replies the proprietor, ""the Muslim one blows herself up.""",1,yes
"Sometimes I hide my girlfriend's inhaler So the neighbors think I'm a stud when they hear her panting, ""Give it to me!""",1,no
Why was the Muslim rubbing the goat? He was at the petting zoo for his wife's 9th birthday.,1,no
"Why was the teacher arrested for writing in permanent marker? He wrote ""1 + 0 = 0"" and then spent the rest of the lesson trying to rub one out.",1,no
Why was the elephant pulled over and then arrested? Because he had grass in the trunk.,1,no
Why was the colorblind person colorblind? Because it ran in his family. Why was the obese person obese? Because no one ran in his family.,1,no
"My dad died in 9/11, He was a good pilot.",1,no
I named my dog Seiko. He's a watch dog.,0,no
Why was the broom late? It overswept!,0,no
I failed Sex Ed... I never came.,1,yes
What do ducks smoke? Quack.,1,no
You need an Arc? I Noah guy.,0,no
What do gay crows eat? Cawk!,1,no
What do Canadian banks and psych wards have in common? They both contain locked up loonies!,0,no
My dad just got a job lip reading. He found out about it by word of mouth.,0,no
What kind of animal is best at concealing their identity? An anonymouse.,0,no
Why do gazelles always lose races? Cause they're running against cheetahs.,0,no
What do you call an ocean rabbit? A C-hair!,0,no
What do you call female time? A fem-tosecond.,0,no
What kind of Tick is explosive? A dyna-mite.,0,no
What's the opposite of a Baldwin? Hair loss.,0,no
"2d or 3d women? Personally, I prefer 34D.",1,no
What do you call a Bollywood fish? Salman.,0,no
How do you draw a crowd? With a pen.,0,no
What's the opposite of again? A loss.,0,no
Where do warewolves sleep? Warehouse.,0,no
How do data march? In formation.,0,no
My pen is huge...Damn autocorrect!,1,no
What's one plus 5? A cellphone.,0,no
"English is funny because two words could have different meanings. When I was sleeping over at my step dad's house he would do a lot of drugs, and I assumed he was addicted, but when I asked him the next morning what kept hitting me in the face all night, he would just say ""Addicted"".",1,yes
"I threw my black friend a big party last weekend.. It was off the chain, but still, it wasn't allowed into the house.",1,no
"My black friend is 5""2, and he blames it on the genetics for not being tall. Which is funny because our families have been friends for generations, and I know for a fact his great grandpa used to be long to us, until the abolishment at least.",1,no
"I hate when parents make it obvious who the favourite child is. Just the other day I hit my brother a couple of times, but that's because he was hitting my mom, but of course only I get in trouble, and I keep hearing the excuse ""oh he is not born yet..""",1,no
"My black friend just received his degree, I asked him to send me the diploma and I have this document saying ""This is official documentation of Jamal Jackson's first degree.. murder charges""",1,yes
"My black friend is so smart, he just picked up his master's degree, which is ridiculous because his master should have picked up his degree himself.",1,no
"My chinese friend and I are very close, we have so much in common. Similar taste in music, sports, he loves eating, dogs. I myself prefer a steak though but I respect his culture.",1,no
"I cant believe some people think that black people don't even belong in our society, because they have rights just like everybody else. It is usually the right to remain silent.",1,no
"My older brother actually is gay. And I remember he was super scared to come out to my parents, but it was actually really sweet when he told my father. The first thing he did was show us how many gay people were in our family tree. I mean, they're all hanging from it, but.",1,no
"My buddy Tyrone came over and he had his lashes done, and they looked really good, which surprised me because I thought we couldn't give them a good lashing anymore.",1,no
"So my buddy's been trying to get me into the dating scene a little bit and he said, because I have clout, I should try to go for some of the girls on Instagram. But the girls on there really aren't my type. I mean, they got Botox the BBLs. Um, oh, you gotta be at least 13 to sign up. That's not gonna work.",1,no
"So back in high school, I went through a bit of a Gothic phase. So naturally I was a part of the emo friend group. Um, that is until I found out they were all hanging without me, which at that point I knew I had to cut them off or cut them down.",1,no
"So my neighbour's wife is selling all of her husband stuff for super cheap because he's going to prison. You know, I had to lock in and pick up some shoes, but if I went home empty handed to my nephew, I'd be in a lot of trouble. So the next thing I asked her is, do you have anything that comes in kids? And she said she used to, but I guess that's why he's going to prison.",1,no
"My uncle was actually in one of the towers during 9 11. And the only reason he survived is when he heard a loud bang, his instincts just told him to run. And whenever I ask him, oh, that was such a split second decision, how did you know something bad was gonna happen? He said he just started running on a limb. Well, multiple limbs probably.",1,no
"My humor stemmed from what I watched when I was younger, like Family Guy, the hangover movies are good,
but I sprinkle in the light stuff, like I like Toy Story, SpongeBob. Oh, what's that one with the little yellow things running around? Oh, squid game.",1,no
"When I was like 10 years old, my uncle invited me and this girl in my class I had a crush on to a hockey game. And her and I showed up super early to the arena because he said a million times, I have to get in there before the first period. But turns out, I guess he just had a crush on her, too.",1,no
There's all these children suffering in these impoverished countries and you have all these celebrities with millions and millions of dollars and they are doing nothing to help. And I get it. It's their money. They can do whatever they want with it. But you can just tell they have never come across a sad child's face other than Epstein and his buddies. But I'm pretty sure they took that phrase too literally.,1,no
"After watching some of the American politics videos, I have come to the conclusion that honestly,
both candidates are just very close minded. It makes you want to bring back JFK because he was honestly the only open minded candidate that I've ever seen.",1,no
"A Mexican family invited me to their family game night tonight. And apparently it's a coloring contest. And I will admit that when I color, I do struggle to stay within the lines a little bit. But I mean, we all know they don't like to stay within the border either.",1,no
"my great grandmother did die in the Holocaust, and I felt like I came to terms with it.
But yesterday, my boss asked me to clean up a dust pile in the kitchen, and I don't know, everything reminds me of her.",1,yes
"We are all happy the slaves are finally free, right? I mean, I can't believe we had to pay for them in the first place.",1,no
"I got invited to my boss, well, my ex boss's funeral and due to personal reasons, I decided not to go. But Harold, if you're listening, who's thinking outside the box now, huh?",1,no
"When I'm doing laundry, I always remember what my great grandfather said, never mix the whites with the colors.",1,no
"I was walking past a high school, and these teenagers challenged me to a rap battle. And I've dabbled in the art of beatboxing, so I proceeded to give every single one of them the most intense beat off of their life. I just hope they don't tell their parents.",1,no
"I just spent way too much money online on some antique farming equipment. My guilty pleasure. But there weren't any specifics on the website, so let's see what I got. ""Jamal, 6 feet 2, 225.""",1,no
"Why do people say black people cant complete a sentence, almost every black person can complete a sentence, although it is usually court ordered..",1,no
"Every race deserves equality, it doesn’t matter if you are black, indian or normal.",1,no
"While working in a restaurant, a native American family asked me to take their reservation, its weird, because I swear we took it years ago.",1,no
"My neighbors are a gay couple, they are very nice they gave me a watch as a house-warming gift, they unfortunately misunderstood when I said I wanted a watch.",1,no
"A guy calls his asian girlfriend to surprise her for her birthday, he pulls out the gift from his back a says: ""okay, open your eyes!"", she says: ""you never told me to close them..""",1,no
"My girlfriend just broke up with me and her reasoning is so weird, she said I had the body of a ten year old, I don’t know how did she find it, it was locked in the freezer.",1,no
"Some of the black guys at work are making fun of me for my fake chains I am wearing, but I at least I didn’t have to try to break out of mine.",1,no
"The hardest part of dating a musician is that you know they will write a song about you when you break up. So I am writing a song before I cut her off,  because I know when we break up she will write a song about domestic violence, but what she doesn’t know is that I am gonna bear her to it.",1,yes
"I cant take jokes about 9/11, a close friend of mine was working in the world trade center and I remember the night before he was so excited about his company throwing a pizza party and he wanted to know what kind of pizza they are getting, but I think they ended up getting a couple of plains.",1,no
"I just got fired on the first day of a new job for sleeping with one of the women, for context, I walked into the room and she was already naked, I guess they just wanted me to do the autopsy.",1,yes
"I failed my eye exam yesterday, they asked me if I can see the red line and I said yeah, but then they asked me if I have seen the line that is predominately black, and I said yeah, I passed by the unemployment  office.",1,no
"I paid a contractor a lot of money to put a small bar stool in my basement, just a small change.
It's not the first time I paid to see a minor change.",1,no
"my ex used to be this environmentalist, ""use paper straws"" and ""save the turtles"" type of girl. But then then she became a lesbian and now she's the one getting fucked by plastic.",1,yes
Why doesn’t Santa have any kids? He only comes once a year and it’s down a chimney!,1,no
Why was the snowman standing by the sidewalk? He heard the snowblower was coming.,1,no
What do priests and Christmas trees have in common? Their balls are just ornamental.,1,no
"What do priests and Christmas trees have in common? Balls that are supposed to just be for decoration, but it’s usually the kids who end up playing with them.",1,no
"What do boobs and toy trains have in common? They're supposed to be for kids, but Dad usually ends up playing with them.",1,yes
Why don't chinese kids believe in Santa? Because they make the presents.,1,no
What do women and police cars have in common? They both make a lot of noise to let you know that they're coming.,1,no
"A middle-aged woman goes to a tattoo parlor and asks the tattoo artist to tattoo ""Thanksgiving"" on the inside of one of her thighs, and ""Christmas"" on the inside of the other thigh. The tattoo artist is curious about this and asks, ""Why such an odd request?"". The woman tells him, ""My husband always complains that there's nothing good to eat between Thanksgiving and Christmas.""",1,no
"Man was going down on his wife when he stops and says: “Geez you’ve got a big pussy. Geez you’ve got a big pussy.”
Wife says “why did you say it twice?” “I didn’t”",1,yes
"A man buys a pack of condoms at the pharmacy. The pharmacist says ""Large pack, huh?"" The guy buying says ""Yeah. I'm meeting my girlfriend's parents tonight. After dinner when we go home we'll be getting it on."" Later at the dinner, the guy is praying before he eats his food. His girlfriend says ""I didn't know you were religious."" The guy replies ""I didn't know your dad was a pharmacist.""",1,yes
"Mickey and Minnie Mouse are at a divorce court. 
Lawyer: So Mickey, it says you want to divorce Minnie because she's....extremely silly?
Mickey: No, I said she was fucking Goofy.",1,yes
"Who is the most popular man in the nudist colony?
The guy who can carry 2 drinks and 4 donuts.
And who is the most popular woman in the nudist colony?
The one who can eat the last donut.",1,no
"""They say there's safety in numbers. Tell that to six million jews""",1,no
"The elderly Jew won the lottery and gave a portion of the winnings to a neo-Nazi organization. When asked how he could do such a thing, he revealed his tattoo and said the Nazis gave him the winning numbers.",1,no
What do you call a white guy surrounded by five black guys? Coach.,1,no
What's white on top and black on the bottom? Society.,1,no
"
I went to donate sperm the other day, and the nurse asked me, ""sir, could you masturbate in the cup?"" To which I replied, ""well I'm pretty good, but I don't think I'm ready to compete just yet.""",1,no
"Losing my virginity was a lot like my first baseball game, very mediocre but atleast my dad came.",1,yes
"What's the best key for writing erotic music? D works best, but whatever you do, don't use A Minor.",1,no
"A Muslim walks into a gay bar in Florida The bartender asks ""what will you have?"" The Muslim replies ""shots for everyone""",1,no
Human races are like teeth. We only want the white ones but most of them are yellow and the black ones must be removed.,1,no
"What's the difference between a naked white woman and a naked black woman?
One's in Playboy, the other's in National Geographic.",1,yes
"Someone made a post offending handicapped people, but I didn’t reply. The comments were disabled.",1,no
"
A daughter asks her dad if she can have a sleepover with her girlfriends and he agrees. Later on, he over hears their game of truth or dare to which the daughter's friend asks her when the last time she had an orgasm was. The daughter replied, ""Oh, about 3 days ago."" and her dad bursts into the room yelling, ""I KNEW YOU WERE FAKING LAST NIGHT!""",1,yes
"
A guy was walking to a bar and on his way he found a girl tied up to the railroad tracks. He untied her and they had sex. Guy gets to the bar, friends ask why he's so late, tells them about the girl he found and all the different positions they fucked in. Friends give him props and ask if he got head, guy replies ""I couldn't find it.""",1,yes
"Political correctness is out of control, you can't even say ""black paint"" anymore! You have to say ""Tyrone, decorate my house.""",1,no
"A man goes to the library and asks for a book on suicide. The librarian says, ""Get lost, you won't bring it back.""",1,yes
"A new survey says that 2 out of 3 people live next door to a pedophile. Not me though, I live next to two smoking hot 10 year olds.",1,yes
The best thing about 9/11 was my house climbed 2 spots in the world's tallest building ranks.,1,no
"
A pedophile and a young boy are walking through the woods at night. The little boy says ""Boy, it sure is scary out here!"" The man replies, ""How do you think I feel? I have to walk out of here alone!""",1,yes
Why don't black people go on cruises? They're not falling for that one again.,1,no
Why is aspirin white? Because it works.,1,no
Why are black people so fast? Because the slow ones are in jail.,1,no
"What's better than roses on a piano?
Tulips on my organ",1,no
"The teacher asks her students what their parents do for a living.
The kids start shouting answers, my mom's a doctor, mine works in an office, my dad eats light bulbs and so on.
The teacher stops and says wait, your dad eats light bulbs?
Yes the boy responds. At night I hear my dad say to mom ""turn off that lightbulb, and I'll eat it""",1,no
"I went upstairs to find my wife waiting on the bed in her skimpiest lingerie. She beckoned to me and purred “Shut off the light, then come over here and stick it in me!” Now she’s not speaking to me. Probably should have let it cool off first.",1,no
What do deaf people and gynaecologists have in common? They both read lips.,1,no
"Two guys were closing up shop at the end of the night. One of them turns to the other, and says, ""Man I can't wait to go home and tear off my wife's panties."" The other guy says, ""Yeah, I know the feeling."" The first guy says, ""No man, I'm serious, they're killing me.""",1,no
What do you call a dog with no legs? Doesn't matter. He's not coming either way.,1,no
Why shouldn't you marry hardware engineers? They have floppy disks.,1,no
"A man wakes from a coma. His wife changes out of her black clothes and, irritated, remarks, “I really cannot depend on you in anything, can I!”",1,no
"I was at my bank today waiting in a short line. There was just one lady in front of me, an Asian lady, who was trying to exchange yen for dollars. It was obvious she was a little irritated. She asked the teller, ""Why it change? Yesterday, I get two hunat dolla of yen. Today I only get hunat eighty? Why it change?"" The teller shrugged his shoulders and said, ""Fluctuations."" The Asian lady says, ""Fluc you white people too!""",1,no
"There is a white boy, a Mexican boy, and a black boy who are all in the fifth grade. Who has the biggest dick? The black boy, because he's 18.",1,yes
How do you turn a cat into a fish? A: Tell the woman not to wash down there.,1,no
Why is it that skinny men like fat women? Because they need warmth in winter and shade in summer.,1,yes
 Why couldn't the leopard play hide and seek? A: Because he was always spotted.,0,no
Why are frogs always so happy? They eat whatever bugs them,0,no
The energizer bunny was arrested on a charge of battery.,0,no
Why do the French eat snails? A: They don't like fast food.,0,no
"An elephant and a camel are talking. The elephant asks, ""Why do you have boobs on your back?"" The camel replies, ""Ha! That's a funny question coming from an animal with a penis hanging from his face.",1,yes
"It was a baby mosquito's first day to fly out from home. When the mosquito came back home later that day, the father mosquito asked, ""How was your journey?"" The baby mosquito replied, ""It went great. Everyone was clapping for me!""",0,no
"What did the beaver say to the tree? A: ""It's been nice gnawing you!""",0,no
"A guy was driving in a car with a blonde. He told her to stick her head out the window and see if the blinker worked. She stuck her head out and said, ""Yes, No, Yes, No, Yes...""",1,no
"A kid walks up to his mom and asks, ""Mom, can I go bungee jumping?"" The mom says ""No, you were born from broken rubber and I don't want you to go out the same way!""",1,no
What do you call stoned Mexicans?  Baked beans.,1,no
You ever wondered why they don't solve many murders in Arkansas? There are no dental records and the DNA's all the same.,1,no
"A couple on their first date decide to go to his place afterwards. When they arrive, before he even gets the house keys out of his pocket, the girl says, 'You know, I can actually tell whether the man I’m dating and I are compatible just based on how he opens the door. If he busts it open, it means that he’s a selfish lover, and that’s definitely not someone I’m interested in. If he drops the keys, it means that he’s inexperienced in bed, and that’s not who I’m looking for either. So how do you open the door?'”
“'Well,' says the guy, 'I’ll just lick the lock first if you don’t mind.'",1,no
"A woman breaks up with a man with a small penis. His friends were amazed he didn't seem hurt or fazed by the breakup. 'It's OK,' he said. 'I wasn't that into her.",1,yes
"A while back, my SO asked a new coworker to grab ""about six inches"" of tape. The newbie grabbed about two inches and asked, ""Is this good?""

The secretary, who had been eavesdropping, sighed heavily and said, ""Honey, some man has been lying to you.""",1,no
"Two nuns are biking down the street in Prague. One nun says to the other, ""I've never come this way before."" The other nun turns to her and replies, ""It's the cobblestones.""",1,no
I came across an old family photo yesterday. So I wiped it off and put it back on the shelf.,1,no
Why is Halloween a pedophile's favorite holiday? Free delivery.,1,yes
"I was on the phone with my girlfriend the other day and she called me a pedophile. I told her, ""Wow, that's a pretty big word for a seven year old!""",1,yes
"How many Jews can you fit in a VW bug? 2 in the front, 3 in the back, and 11 in the ash tray.",1,no
"
What did the lesbian vampire say to the other lesbian vampire? See you next month.",1,no
"I’ve dedicated my life to find my wife’s murderer.
If you can recommend someone, let me know.",1,yes
"Hey, boss, my salary is not compatible with my skills!
I know that, but I can't let you starve to death",0,no
"I told a girl, ""you look great without glasses""
She said, ""but I don't wear glasses."" I replied, while polishing my lenses, ""yeah, but I do.""",1,no
"A programmer went to a store to pick up some groceries
As he was leaving the house his wife said: ""While you are there, buy some milk"". He never came back.",0,no
"Remember back in the day when your TV wouldn't work so you'd bang it a few times?
I tried that with my dishwasher, but unfortunately, she ended up pregnant…",1,no
"A lot of women actually turn into good drivers.
So if you're a good driver, watch out",1,no
Americans do use the metric system. Because they use 9mms at school.,1,no
I just bought some 12 year old scotch. Her parents weren't too happy with it though.,1,no
"A girl I know said the last time she had sex, it was like the men's Olympic 100m finals
I laughed, ""Over in 9.5 seconds?"".
""No,"" she said, ""Eight black men and a gun.""",1,yes
"""Indecisive"" is my favourite word. Actually, no it isn't.",0,no
"My Girlfriend left a note on the refrigerator that said ""This isn't working. Goodbye.""
I opened the refrigerator and it was working fine",0,no
"What's the best pick up line at a gay bar? ""May I push your stool in.""",1,no
"My wife was wondering why she was so itchy. I asked why she pronounced it with a silent ""B""",1,no
"A man just assaulted me with milk, butter and cheese. How dairy.",0,no
"Dating is a lot like fishing… Sure there is plenty of fish in the sea, but until I catch one, I am just stuck here holding my rod.",1,no
"My marriage was like a hurricane. At the beginning there was a lot of blowing, but in the end I lost my house.",1,no
"What’s the difference between being hungry and being horny?
Where you put the cucumber.",1,yes
"I failed a biology test today, they had asked me what was commonly found in cells
Apparently black people was not the answer.",1,no
"My girlfriend asked me if I could have a threesome, which of her friends I would choose.
Apparently, I was only supposed to name one, not two.",1,yes
"Son: Dad, a guy called me gay at the school today
Dad: Punch him in the face.
Son: But he is so cute.",0,no
I refused to believe I was gay and dyslexic. I was in Daniel.,1,no
What has 4 wheels and flies? A garbage truck,0,no
"What gets longer if pulled, fits snugly between breasts, slides neatly into a hole, chokes people when used incorrectly, and works well when jerked? A seatbelt.",1,no
"The shovel was a ground breaking invention, but everyone was blown away by the leaf blower.",0,no
Did you hear about the guy who lost the left side of his body? He's alright now.,0,no
What do you do with a dead chemist? You barium.,0,no
What did the buffalo say to his son? Bison.,0,no
I signed up for binary 101. But it turns out it's a level 5 course.,0,no
"At home, they treat me like God.
I'm generally ignored until someone wants something.",1,no
What do you call an Alien with three eyes? Aliiien!,0,no
"Just after my wife had given birth, I asked the doctor, ""How soon do you think we'll be able to have sex?""
He winked at me and said, ""I'm off duty in ten minutes - meet me in the car park.""",1,yes
What is brown and rhymes with Snoop? Dr. Dre.,0,no
"""Excuse me,"" I said to the woman sat in front of me on the bus, ""You have some semen on the back of your jacket.""
""I'm sure it's not semen,"" she said, ""It's probably yoghurt.""
""It's definitely semen,"" I said, ""I don't ejaculate yoghurt.""",1,yes
"What's worse than a lobster on your piano?
Crabs on your organ.",1,no
"A blonde gets knocked off her bike and takes a nasty whack to the head. A paramedic rushes over to check her for injuries. ""How many fingers have I got up?"" She suddenly bursts into tears. ""oh my god, I'm a paralysed from the waist down, I can't feel any""",1,no
"If a women drinks 2 glasses of wine a day, it could increase the chances of a stroke.
But, if you let her finish the bottle. She'll probably suck it as well.",1,no
"A guy in a plane stood up and shouted, “HIJACK!”
All passengers got scared. From the other end of the plane, a guy shouted back, “HI JOHN!”",0,no
"A limbo champion walks into a bar
He's disqualified.",0,no
What do Japanese cannibals eat? Raw-men.,0,no
Jokes about anti-vaxxer parents never get old. Just like their kids.,1,no
What's the difference between an apple and a black guy? The apple will eventually fall from the tree that it's hanging from!,1,no
I told my psychiatrist I got suicidal tendencies. He said from now on I have to pay in advance.,1,yes
What does a woman's pussy and a chainsaw have in common? Miss by a few inches and you're in deep shit.,1,yes
"Went to the doctors for a prostate exam. During the exam he said it's not unusual to become aroused or even ejaculate. But still, I wish he hadn't.",1,yes
Why are there no pharmacies in Africa? Because you can't use medicine on an empty stomach.,1,no
Dads are like boomerangs. I hope.,1,no
"Muslim women are horrible competitors. No matter what they do, they always get beat.",1,no
What's the difference between a little girl and a fridge? Fridges don't scream when you put your meat in them.,1,no
What's it like to be kissed by a vampire? It's a pain in the neck.,0,no
Why don't jews eat pussy? It's too close to the gas chamber.,1,yes
Why was the math book sad? Because it had too many problems.,0,no
Why was the guitar teacher arrested? For fingering A minor.,1,yes
Why did the hipster burn his tongu? He drank his coffee before it was cool,0,no
Why don't skeletons fight each other? They don't have the guts.,0,no
Why did the coffee file a police report? It got mugged.,0,no
Why did the orphan go to church? To hear about a loving father.,1,no
What is the most groundbreaking invention of all time? The shovel.,0,no
What kind of music do astronauts listen to? Neptunes.,0,no
What do you call an elephant that doesn't matter? An irrelephant.,0,no
When does a joke become a dad joke? When it becomes apparent.,0,no
What did the shy pebble wish for? That she was a little boulder.,0,no
How come the stadium got hot after the game? Because all of the fans left.,0,no
Why was it called the dark ages? Because of all the knights.,0,no
I used to be addicted to soap? but I'm clean now.,0,no
What kind of music do mummy's like? Rap.,0,no
Why are mummys scared of vacation? They're afraid to unwind.,0,no
I didn't vaccinate my 10 kids and the one that survived is fine!,1,no
"When I was a kid, I made a really big sandcastle with my grandma.

Unfortunately, that didn't impress anyone at the cremation…",1,no
Dark humor is like cancer. It's funnier when children get it.,1,no
I had a granny that we couldn't decide whether to bury or cremate. In the end we decided to just let her live.,1,no
"Doctor: ""I have some news about your baby.""
Parents: ""Don't tell us the gender, we want to keep it a surprise.""
Doctor: ""Oh I get it, you're those type of people. Okay, well IT is not breathing.""",1,no
One of my favorite memories as a child was building sandcastles with my grandad. Until my mother took the urn away,1,no
Whats the difference between buzz light year and a priest. Buzz goes limp when children enter the room,1,no
"What did the egg say to the boiling water? Give me a minute to get hard, I just came outta this chick.",1,no
"“Give it to me! Give it to me!"" she yelled. ""I'm so wet, give it to me now!"" She could scream all she wanted, but I was keeping the umbrella.",1,no
What do you call a swedish baby with no heart beat... still bjorn.,1,no
What do you call a woman who refuses to give a blowjob on the first date? An uber.,1,yes
"A newlywed calls her mother sobbing.
Mom: Honey what’s wrong?
Newlywed: Mom, it’s awful, John just had an accident at work and cut off his finger.
Mom: Oh no! That’s awful! His whole finger?
Newlywed: No, the one next to it.",1,no
"Newlywed: on our wedding night, I discovered that John has only one foot. Mom: count yourself lucky! Your father only has four inches.",1,no
"A little girl asks her mom ""Before I was born, did you want a little boy or a little girl?"". That mom says ""I just wanted a backrub"".",1,no
"Millenia ago, there were empires, ruled by emperors.
Centuries ago, there were kingdoms, ruled by kings.
Now, there are countries.",1,no
"
Why do Scottish men wear kilts?
Because sheep can hear a zipper from half a mile away.",1,no
"
What’s the difference between beer and liquor? My wife doesn’t moan when I beer.",1,yes
"I saw a sign that said ""watch for children"" and I thought, ""That sounds like a fair trade""",1,no
A man walked into his house and was delighted when he discovered that someone had stolen all of his lamps.,0,no
It's hard to explain puns to kleptomaniacs because they always take things literally.,0,no
"I asked my North Korean friend how it was there, he said he couldn't complain.",1,no
Soy milk is just regular milk introducing itself in Spanish.,0,no
"I discovered a substance that had no mass, and I was like ""0mg!""",0,no
Moses was the first person to use Ctrl C as a shortcut.,0,no
"My partner accused me of having no sense of direction. I got so angry, I packed up my stuff and right.",0,no
If you want to insult deaf people you should watch your mouth.,0,no
"People used to laugh at me when I would say ""I want to be a comedian"". Well nobody's laughing now.",0,no
"I hate Russian dolls, they're so full of themselves.",0,no
"I refused to believe my roadworker father was stealing from his job, but when I got home, all the signs were there.",0,no
"My girlfriend started smoking, so I slowed down and applied lubricant.",1,no
I remember a guy who was addicted to brake fluids. He said he could stop any time.,0,no
"Like a German vegetarian, I feared the wurst.",0,no
"My wife said, ""Sex is a weird thing. Two people go into a room, and later three people are there.""
I replied, ""That still doesn't justify the guy in our closet.""",1,yes
"I was offered sex with a 21 year old girl today.
In exchange, I was supposed to advertise some kind of bathroom cleaner. Of course I declined, because I am a person with high moral standards and strong willpower. Just as strong as Ajax, the super strong bathroom cleaner. Now available with scented lemon or vanilla.",1,yes
"A man comes home early one day and finds his wife, still in bed and without a stitch of clothing on.
""What are you doing? It's the middle of the day!"" he asks, and she replies, ""Oh, I have nothing to wear, so I'm just wearing nothing and not going out.""
He pulls open the closet: ""Nonsense! You have this red dress, this blue dress, a yellow dress, oh hey Jerry, a black pant suit, the brown dress...""",1,no
"""When one door closes, another one is always opening!""
""I understand that, but unless you fix it, I'm not buying the car.""",0,no
"Little Johnny was in 4th grade, hearing about basic human anatomy. Mrs. Krivitz, pointing to a simple image projected on the screen “this is a penis, every man has one.” Little Johnny raised his hand and said “my dad has two.” Mrs. Krivitz said “no, only one.” Johnny said “two, a little one he goes to the bathroom with, and a really big one he brushes mommy’s teeth with.”",1,yes
"Little Johnny prays every night. Please bless Mommy and Daddy and keep them safe. One night Johnny is mad at his dad and just prays for mom.

The next day Johnny is upset and worried. Thinking that maybe his dad will be hurt the next day. He is nervous in school all day. Runs home and finds him mom crying.

"" Is Daddy ok?"" He asks with a quiver in his voice.

Mom answers

"" Dad is ok, the mailman died. """,1,no
why do roosters not wear underwear? They have their peckers on their face!,1,no
Elon Musk and Bill Gates came up with a new erectile dysfunction pill. They’re calling Elon Gates!,1,yes
What do you call a snake that's gone limp? A reptile dysfunction.,1,no
"I was having sex with my German girlfriend last night, but it was distracting when she kept yelling her age.",1,yes
What do you call a flying Jew? Smoke.,1,no
"A black guy and a Mexican were in a car, who was driving? The cop.",1,no
"They say Muslims are angry people, but they just have a really short fuse.",1,no
I don't get the point of banning unvaccinated kids from public schools. They'll never reach school age anyway.,1,no
I never really understood school shooter jokes. I guess they're just aimed at a younger audience.,1,yes
"Teacher: Can anyone name a flammable object? Jewish kid: ooh ooh me me! Teacher: Good, Anyone else?",1,no
"Always remember, Science flies you to the moon. But religion flies you into buildings.",1,no
Why don't the Japanese celebrate Christmas? Because last time they watched a fat man fall from the sky they lost half there population.,1,no
I locked my keys in my car outside a Planned Parenthood the other day. Turns out they get really upset when you walk in and ask for a coat hanger.,1,no
"""But I cant conquer China, it's way too big…""
Now, Genghis, what do I always say..?
*Sights* ""I'm Genghis Khan, not Genghis Khan't""",0,no
"How do Arabs feed their children?
""Here comes the airplane"" and ""Here comes the second one""",1,no
"Where do naughty rainbows go?
To prism. It's a light sentence, giving them time to reflect.",0,no
"Two communists are sitting together at the beach. One turns to the other and asks, ""Have you read Marx?""
The second replies, ""Yes, it's these damn wicker chairs!""",0,no
"I was at Japanese garden looking at the koi pond. The man there pointed out the A koi, B, and C but said ""Don't be fooled by that last one...""
""That's the D koi.""",0,no
"I told my coworker the exciting news that my partner and I are expecting. She goes, “Oh, do you have a midwife?”
I’m like, “No, she’s actually pretty amazing.”",0,no
"""Pre"" means before and ""Post"" means after.
Using both at the same time would be Preposterous.",0,no
What does a chocolate bar do when it laughs? It Snickers.,0,no
"My girlfriend is 21 and I'm 40. We went to a bar the other day, and everyone's calling us mean names, like pedophile, cradle robber, gold digger, etc.

It was so humiliating. Completely ruined our tenth anniversary.",1,yes
Why do Americans fish with a gun? So they get the whole school.,1,yes
"After an unsuccessful harvest, why did the farmer decide to try a career in music? Because he had a ton of sick beets.",0,no
Which days are the strongest? Saturday and Sunday. The rest are weekdays.,0,no
I found a wooden shoe in my toilet today. It was clogged.,0,no
What do you call a bundle of hay in a church? Christian Bale.,0,no
Never date a tennis player. Love means nothing to them.,0,no
How do flat-earthers travel? On a plane.,0,no
Someone complimented my parking today! They left a sweet note on my windshield that said “parking fine.”,0,no
Not to brag but I made six figures last year. I was also named worst employee at the toy factory.,0,no
"6:30 is my favorite time of day, hands down!",0,no
"I took up origami for a while, but I gave it up because it was too much paperwork.",0,no
You know those stair lifts for old people? Those things really drive me up the wall.,0,no
"Dad putting car in reverse.
Dad: Ahh, this takes me back!",0,no
"*Dad buying fake Christmas tree*

Cashier: “are you going to put it up yourself?”

Dad: “don’t be disgusting.... I’m going to put it up in the living room.”",1,no
"When I'm at a restaurant and the waitress says ""Do you wanna box for that?"" I always reply with ""No, but I'll wrestle you for it."" ",0,no
Why did the blind man fall into the well? Because he couldn’t see that well.,0,no
What do you call an illegally parked frog? Toad.,0,no
I told my dad that I was feeling cold. He told me to sit in the corner since its 90 degrees.,0,no
"
""Dad can you make me a sandwich?"" Dad walks over, grabs two slices of bread comes and comes back. Places bread over my ears.

""There, now you're a sandwich.""",0,no
"I hate thoose people who knock on your door and say you need to get ""saved"" or else you will ""burn.""
Stupid firemen.",1,yes
"Which is heavier, water or butane? Butane of course, it’s a lighter fluid.",0,no
"I saw a warning sign saying that the fire exit was alarmed, so I gave it a hug and told it everything was ok.",0,no
A friend of mine lost his job at a fishing supplies company. He opened a whole can of worms.,0,no
I like jokes about stationery but rulers are where I draw the line.,0,no
I designed square tyres for my car and tried to push it down a hill.  It didn't go down well.,0,no
"Asked my friend why a knife is his favourite utensil.  He said ""a spoon and a fork just don't cut it"".",0,no
"I wanted my kids to watch the orchestra, but I had to turn it off. It was too much sax and violins.",1,no
"What is the difference between a literalist and a kleptomaniac? A literalist takes everything literally. A kleptomaniac takes everything, literally.",0,no
"A bartender broke up with her boyfriend, but he kept asking her for another shot.",0,no
"A brain walks into a bar and takes a seat. “I’d like some wings and a pint of beer, please,” it says. “Sorry, but I can’t serve you,” the bartender replies. “You’re out of your head.”",0,no
Did I tell you the time I fell in love during a backflip? I was heels over head!,0,no
"Do mascara and lipstick ever argue? Sure, but then they makeup.",0,no
"How long should socks be? Twelve inches, so you can fit in one foot.",0,no
"I got hit in the head with a can of Coke today. Don’t worry, I’m not hurt. It was a soft drink.",0,no
I’m an expert at picking leaves and heating them in water. It’s my special tea.,0,no
"I’ve been bored recently, so I decided to take up fencing. The neighbors keep demanding that I put it back.",0,no
"My doctor told me I’ve really grown as a person. Well, her exact words were that I “gained excess weight.”",0,no
"My wife asked me to sync her phone, so I threw it into the ocean.",0,no
People are usually shocked that I have a Police record. But I love their greatest hits!,0,no
Why do some couples go to the gym? Because they want their relationship to work out.,0,no
"A friend has bought an old aircraft, taken the wings off, and turned it into a restaurant beside the airport terminal. I don’t think it will take off.",0,no
"A local bank is opening an ATM in a tree. If its successful, they might expand to other branches.",0,no
Took my friend to see the world’s biggest fan as a birthday treat. He was blown away.,0,no
Asked a friend why he was staring at a bottle of orange juice. He replied that it said “concentrate” on it.,0,no
"Went bowling with some friends the other day. Thought I should go first, just to get the ball rolling.",0,no
Love watching rivers running under bridges on the internet. Was watching a live stream earlier.,0,no
Saw a bunch of people eating burgers whilst waiting for the launch of a new toy doll. It was a Barbie queue.,0,no
Why did the two electrical cables split up? There was no spark between them.,0,no
Found out my charger cable was broken. I was shocked.,0,no
I downloaded a colander app instead of a calendar and now my battery keeps draining.,0,no
Someone has removed the fifth month from all of my calendars. I’m dismayed.,0,no
"Cleaning my chimney I was surprised to find all sorts of sporting equipment for playing cricket, baseball, and rounders. I think there are some bats living in there.",0,no
"Chocolate has really gone up in price. I bought a milky way, a galaxy and a mars. It was astronomical.",0,no
I’d tell you a joke about a cloud but it would be over your head.,0,no
Friend of mine is an expert in making clown shoes. It’s no small feat.,0,no
My friend told me that she got molested as a child. It was a very touching story,1,yes
How do you pick up a Jewish girls at Auschwitz? With a dust pan.,1,yes
"Who are the fastest readers in the world?
World trade center employees. 70 stories in 10 seconds.",1,no
Why do Jews have big noses? Free air.,1,no
Why do you paint your canoe black? So it won't tip.,1,no
I'm not a magician but I once turned a back rub into two kids and a mortgage.,1,no
"I got a new stick deodorant today. The instructions said: Remove cap and push up bottom.
I can barely walk, but when I fart, the room smells lovely.",1,no
I read a story about pig anatomy. It was all straightforward until I found a twist in the tale. ,0,no
Wish I'd never got a tattoo of a bonfire on my wrist. Loads of places won't allow me in with fire arms. ,0,no
What is the most gullible chemical element? I think it is easily lead. ,0,no
"I'm not one to judge, but if you don't clean your mirrors, they reflect badly on you. ",0,no
Got my friend an unnecessarily large rocket this year.  He's over the moon. ,0,no
Bought a friend a fridge for his birthday. You should have seen his face light up when he opened it.,0,no
"Really nice car park here. The sign says ""You will be charged after 2 hours"". Very kind, I thought, as I plugged in my electric car.",0,no
"My friend is trying to invent the world’s strongest suction cup that can stick to any surface.
Not quite sure how he’s gonna pull it off.",0,no
"My mom was a radiologist. She met my dad when he came in for an x-ray.
I always wondered what she saw in him.",0,no
People who can’t tell the difference between whole numbers and decimals are missing the point.,0,no
I'm changing my name to Bimimell. It’s pronounced “Bill.” The mime is silent.,0,no
"I ran into a lamppost yesterday. Luckily, I only sustained light injuries.",0,no
A dentist and a manicurist entered a boxing ring. They fought tooth and nail.,0,no
"All of the fortune tellers I’ve met are either really depressing or overly enthusiastic. 
Why can’t I find a happy medium?",0,no
What do you call a typo inscribed on a tombstone? A grave mistake.,0,no
"I’ve recently discovered I’m terrified of elevators, so I’m taking steps to avoid them.
I was a little afraid of speed bumps too, but I’m slowly getting over them.",0,no
"After playing guitar for years, I thought I could learn to play the piano.
But it's not an easy instrument to pick up.",0,no
"My friend thinks that drinking beer will make him smarter.  
But I don't think anything would make my Budweiser.",0,no
"I accidentally replaced my halogen bulbs with hallucinogen bulbs.  
The circuit breakers have been  tripping all week and my electric bill is super high.",0,no
Pro tip: Always wear glasses when doing math. It helps with division.,0,no
I’m working on a bunch of jokes about wind. They’re currently saved as drafts.,0,no
“There are no words in the English language that contain every vowel in alphabetical order!” ...he said facetiously.,0,no
New York is the opposite of Minnesota because New York is where the Big Apple is and Minnesota is where the Minneapolis.,0,no
"Within minutes, the detective knew exactly what the murder weapon was. It was a brief case.",0,no
"Instructor: Welcome to Salsa class! Who's ready to learn how to dance?
Me, hiding a bag of tortilla chips: There's been a misunderstanding.",0,no
"I'm not one to brag about my finances, but my bank calls me almost every day to tell me my account balance is outstanding!",0,no
"I asked the librarian if they had any books on amplifiers.
She said, ""Yes, what volume would you like?""",0,no
"The other day I ran into a friend I hadn’t seen in years. 
Got really awkward when we had to exchange insurance info.",0,no
"I asked my mom if she took Tylenol when  pregnant with me. 
She said, “Only when the hangovers were really bad.”",1,no
My parents disowned me for getting a tattoo of a bar code. I just hope I can redeem myself.,0,no
A micromanager walked into a bar. And immediately ordered everyone a round.,0,no
"What are 3 key elements for a fire? Police, a gun, a black man.",1,yes
What was the most popular drink during ww2? Orange Juice. 100% concentrated.,1,no
What do you call intelligent people in the U.S? Tourists.,1,no
"Damn girl, are you a cop? ... because you took my breath away.",1,no
Tell a girl she's beautiful once and she won't believe you. Tell a girl she's fat once and she'll always remember it. That's because elephants never forget.,1,no
Whats the difference between a cop and a bullet? When a bullet kills somebody you know its been fired.,1,yes
I have proof that God is black. Everyone refers to him as “father” but no one’s ever seen him.,1,no
A friend once offered to set me up with a metrics expert. I couldn’t wait to meter.,0,no
Santa's sack got a lot smaller after he visited my crush's house. Old man probably fulfilled all her wishes.,1,no
My favorite episode of Earth was 9/11.. It was the pilot episode.,1,no
"What are some words black people can't say? ""thanks for your help, officer""",1,no
"When the Spice Girls reached the height of their popularity, they brought on a new member named Pumpkin Spice.
She marked the start of their fall.",0,no
"My son asked if training to be a locksmith would be worth it. I told him, “Of course…” 
“That’ll open a lot of doors for you.”",0,no
"Someone called me fat the other day, but I just let it slide. I take pride in being the bigger person.",0,no
A new Lego store opened up not too far from me. People are lined up for blocks.,0,no
My brother was a lion tamer. When he went bankrupt they took almost everything. But at least he still has his pride.,0,no
"I was drinking a beer and the bartender yelled “Does anyone know CPR??” I replied, “I know the entire alphabet!” and we all laughed and laughed. Well, except for this one guy.",1,no
My wife is kicking me out due to my obsession with comic books. She said I have too many issues.,0,no
What’s the worst thing about Worcestershire sauce? It's hard to say.,0,no
Are people born with a photographic memory? Or does it take time to develop?,0,no
"As an American, I don’t think that the bears even realize I have a right to their arms.",0,no
I used to work at a chemical factory but I had to quit. It was a toxic environment.,0,no
I should’ve known that inventing a boomerang with teeth would come back to bite me.,0,no
How did the barber win the race? He knew a short cut.,0,no
Why couldn't the sailor play cards? Because the captain was standing on the deck.,0,no
I wanted to make sure I remembered everything I learned from lumberjack training so I kept a log.,0,no
I once ran a marathon in Sweden. I knew I was lost when I crossed the Finnish line.,0,no
The wedding was so emotional even the cake was in tiers.,0,no
"Boss: If you fall asleep again today, I'll fire you. Me: ok. Boss: Now go and do the sheep inventory. Me: oh no.",0,no
"In a major breakthrough, scientists have successfully grown human vocal cords in the lab. The results speak for themselves.",0,no
Cosmetic surgery used to be such a taboo subject. Now you can talk about Botox and nobody raises an eyebrow.,0,no
I still have my late grandmother in my contacts. We shouldn't have scattered her ashes on such a windy day.,1,no
They announced the winner of the neckwear competition. It was a tie.,0,no
"I bought shoes from a drug dealer once. I don't know what he laced them with, but I was trippin’ all day.",1,yes
Just finished a documentary about the world’s most secure bank vault. It was hard to get into.,0,no
"My senior relatives liked to tease me at weddings, saying things like, “You’ll be next!”. So I started saying the same to them at funerals.",1,no
I had to fire the guy I hired to mow my lawn. He just didn't cut it.,0,no
The furniture store won’t stop calling me! All I wanted was the one night stand.,1,no
I had a girlfriend in college who was obsessed with counting numbers. I wonder what she’s up to now.,0,no
"“Doctor, doctor! You have to help me! I think I’m shrinking!”. “Settle down,” the doctor said. “You'll just have to learn to be a little patient.”",0,no
"I bought a new thesaurus, but when I got home, all the pages were blank. I have no words to describe how angry I am.",0,no
Just bought a new first aid kit. Thought I’d treat myself.,0,no
"“I bought you an elephant for your room.”
“Thank you.”
“Don't mention it.”",0,no
Wearing glasses doesn't mean you're smart. I had to fail a test to get mine.,0,no
"Back in the day, excessive use of commas was considered a very serious crime. It usually resulted in a long sentence.",0,no
You know how they throw the ball into the crowd after they win the game? That's not allowed in bowling. I know that now.,0,no
Everyone agrees that the invention of the shovel was ground breaking. But it was the invention of the broom that truly swept the nation.,0,no
Have you heard of the new Apple product designed to protect your eyes? It's called the iLid.,0,no
Interviewer: Can you type fast? Me: Yes and many other words as well.,0,no
I’m using only fans right now and I’m not gonna lie — it’s pretty hot. Really hope the AC repair guy shows up soon.,1,no
"If you lose your khakis in Texas, it means you can't find your pants.
If you lose your khakis in Boston, it means you can't start your car.",0,no
"Can't believe I lost my job at the helium factory, everyone spoke very highly of me.",0,no
What happens when a plane misbehaves? It’s get grounded.,0,no
What’s the opposite of isolate? Yousoearly.,0,no
Scientists recently discovered a rectangular potato. It had a square root.,0,no
My wife and I promised to never go to bed angry at each other. We've been awake since Thursday.,0,no
It’s insane to me that monkey bars are allowed on playgrounds. Should we really be encouraging monkeys to drink in front of children?,0,no
What do you call an obese psychic? A four-chin teller.,1,no
Why did the man write his novel in his basement? He wanted it to become a Best Cellar.,0,no
My socially anxious friend just got a PhD in palindrome studies. I call him Dr. Awkward.,0,no
I once dated a girl that was actually a ghost. I had my suspicions the moment she walked through the door.,0,no
I met a woman who was standing in the middle of a tennis court. Her name was Annette.,0,no
"Planning to start a jewelry business. If you want to help, give me a ring.",0,no
"After kissing my wife on the couch she said “let’s take this upstairs…” “Ok,” I said. “You grab one end and I’ll grab the other.”",1,no
A new version of Microsoft Office leaked online. Microsoft had to cancel their plans after the Word got out. Outlook is not looking great either.,0,no
"To everyone out there suffering from paranoia, just remember: You’re not alone.",1,no
What kind of classes do spiders attend? Webinars.,0,no
"As an American, I can tell you that 49 of the 50 states are not OK.",0,no
"If you want a job in the moisturizer industry, the best advice I can give is to apply daily.",0,no
Someone broke into my garage and stole my son’s limbo stick. Seriously how low can you go?,0,no
What did the bra say to the hat? You go on ahead while I give these two a lift.,1,no
I wasn’t originally going to get a brain transplant. But then I changed my mind.,0,no
"It's very rare that a defibrillator fails. But when it does, no one is shocked.",0,no
What do you call a person missing 75% of their spine? A quarterback.,0,no
To the person that keeps stealing my scissors: Will you cut it out?,0,no
"Have you heard about the new sport called Quiet Tennis? It’s like regular tennis, but without the racket.",0,no
My roommates are convinced our house is haunted. But I’ve lived here for 235 years and have never noticed anything strange.,0,no
"If I could choose to have one superpower, it would be invisibility. I just want to make myself clear.",0,no
"Police arrested a bottle of water because it was wanted in three different states: Solid, liquid, and gas.",0,no
Where do lawyers meet for lunch? At the food court.,0,no
My final exam at baking school was a piece of cake.,0,no
Just lost my job as a mime. Must’ve been something I said.,0,no
Why is Jesus rich? Because he saves.,0,no
What is Hitler's favorite letter? Not Z.,1,no
Do you know which chore sucks? Vacuuming.,0,no
What shoes do secret agents wear? Sneakers.,0,no
Where do archers prefer to shop? At Target.,0,no
What's the Pope's favorite weapon? Nun-chuks.,0,no
Who healed the guitarist's scrape? The band aid.,0,no
What did Tennessee? The same thing that Arkansas.,0,no
What kind of tea does a realtor drink? Proper Tea.,0,no
"EU has some free space now. To be specific, 1 GB.",0,no
Someone told me their pre-tax income. It was gross.,0,no
I hold my dictionary close. It has a lot of meaning.,0,no
When does a joke become a parent? After the delivery.,0,no
Why are fish so smart? Because they're always in schools.,0,no
What country do microbiologists like to study in? Germ-any.,0,no
How much room do fungi need to grow? As mushroom as possible.,0,no
They called it the dark ages. Because there was so many knights.,0,no
"No matter how kind you are, German children are always kinder.",0,no
I got arrested for stealing flowers. But they were planted on me.,0,no
Why are skeletons so calm. Because nothing gets under their skin.,0,no
One time. I swallowed a dictionary It gave me thesaurus throat ever.,0,no
What do you call a boat full of high school graduates. A scholarship.,0,no
"What did the rug say to the floor. Don't worry man, I got you covered.",0,no
What do you call a robot who immigrated to Sweden? Artificial Swedener.,0,no
I wrote an essay about Communism in my history class today. I got full Marx.,0,no
What did the man say when his bakery burned down. My whole business is toast.,0,no
What do you call a dinosaur that was in a car accident. Tyrannosaurus wrecks,0,no
"Two fish swim into a concrete wall. The one turns to the other and says,  Dam.",0,no
"I told my dad I wanted to be an anesthesiologist. He said,  Knock yourself out.",0,no
Did you hear about the constipated mathematician. He worked it out with a pencil.,1,no